timestamp,open,high,low,close,volume,Dividends,Stock Splits,thscode,thsname_cn,thsname_en,currency,hour,minute,ticker,si_current_price,si_market_cap,si_pe_trailing,si_pe_forward,si_beta,si_dividend_yield,si_dividend_rate,si_payout_ratio,si_52w_low,si_52w_high,si_employees,si_book_value,si_price_to_book,si_profit_margin,si_roa,si_roe,si_revenue_per_share,si_total_cash,si_total_debt,si_total_revenue,si_ebitda,si_gross_margins,si_operating_margins,si_debt_to_equity,si_quick_ratio,si_current_ratio,si_inst_pct,si_insider_pct,si_short_ratio,si_shares_outstanding,si_float_shares,si_target_mean,si_target_high,si_target_low,si_recommendation_mean,si_num_analysts,inc_total_revenue,inc_cost_of_revenue,inc_gross_profit,inc_operating_income,inc_net_income,inc_diluted_eps,inc_basic_eps,inc_rd,inc_sga,inc_tax_provision,inc_pretax_income,inc_ebitda,inc_ebit,inc_norm_ebitda,inc_norm_income,inc_depreciation,inc_diluted_shares,inc_basic_shares,bs_total_assets,bs_total_liabilities,bs_stockholders_equity,bs_total_debt,bs_net_debt,bs_cash,bs_cash_short_inv,bs_inventory,bs_receivables,bs_net_ppe,bs_gross_ppe,bs_accum_depreciation,bs_goodwill,bs_intangible_assets,bs_long_term_debt,bs_current_liabilities,bs_current_assets,bs_working_capital,bs_retained_earnings,bs_common_stock,bs_capital_stock,bs_total_equity,bs_tangible_book_value,bs_invested_capital,bs_total_capitalization,cf_operating,cf_free,cf_capex,cf_dividends_paid,cf_stock_repurchases,cf_financing,cf_investing,cf_net_change,cf_end_cash,cf_begin_cash,cf_stock_comp,cf_depreciation,cf_deferred_tax,cf_net_income_ops,cf_change_wc,cf_issuance_debt,cf_repayment_debt,rec_strong_buy,rec_buy,rec_hold,rec_sell,rec_strong_sell,news_count,news_latest_headline
2026-07-31 13:30:00+00:00,363.7600097656,366.266998291,360.1000061035,362.2200012207,306580,0.0,0.0,V,维萨,Visa Inc.,USD,13,30,V,358.84,669971251200,30.513605,23.960524,0.759,0.74,2.68,0.22129999,293.89,373.97,34100,18.87,19.016428,0.50782,0.1911,0.6119,23.398,13792000000,23857999872,44487999488,31093999616,0.97725,0.66130996,67.821,0.627,0.985,0.90352,0.00086000003,2.58,1704112694,1703359277,416.20026,450.0,330.0,1.375,37,40000000000.0,7855000000.0,32145000000.0,26556000000.0,20058000000.0,10.2,10.22,0,4369000000.0,4136000000.0,24194000000.0,26003000000.0,0,27776000000.0,21527903033.81004,1220000000.0,2194000000.0,1942000000.0,99627000000.0,61718000000.0,37909000000.0,25171000000.0,8007000000.0,17164000000.0,18997000000.0,0,3126000000.0,4236000000.0,10106000000.0,-5870000000.0,19879000000.0,0,19602000000.0,35048000000.0,37766000000.0,2718000000.0,15106000000.0,0.0,745000000.0,37909000000.0,-10361000000.0,62335000000.0,57511000000.0,23059000000.0,21577000000.0,-1482000000.0,-4634000000.0,-18316000000.0,-18963000000.0,708000000.0,4804000000.0,24987000000.0,19763000000.0,897000000.0,1220000000.0,152000000.0,20058000000.0,-15172000000.0,3924000000.0,0.0,9,28,3,0,0,0,
2026-07-31 13:35:00+00:00,361.8900146484,363.0,360.6350097656,362.450012207,139915,0.0,0.0,V,维萨,Visa Inc.,USD,13,35,V,358.84,669971251200,30.513605,23.960524,0.759,0.74,2.68,0.22129999,293.89,373.97,34100,18.87,19.016428,0.50782,0.1911,0.6119,23.398,13792000000,23857999872,44487999488,31093999616,0.97725,0.66130996,67.821,0.627,0.985,0.90352,0.00086000003,2.58,1704112694,1703359277,416.20026,450.0,330.0,1.375,37,40000000000.0,7855000000.0,32145000000.0,26556000000.0,20058000000.0,10.2,10.22,0,4369000000.0,4136000000.0,24194000000.0,26003000000.0,0,27776000000.0,21527903033.81004,1220000000.0,2194000000.0,1942000000.0,99627000000.0,61718000000.0,37909000000.0,25171000000.0,8007000000.0,17164000000.0,18997000000.0,0,3126000000.0,4236000000.0,10106000000.0,-5870000000.0,19879000000.0,0,19602000000.0,35048000000.0,37766000000.0,2718000000.0,15106000000.0,0.0,745000000.0,37909000000.0,-10361000000.0,62335000000.0,57511000000.0,23059000000.0,21577000000.0,-1482000000.0,-4634000000.0,-18316000000.0,-18963000000.0,708000000.0,4804000000.0,24987000000.0,19763000000.0,897000000.0,1220000000.0,152000000.0,20058000000.0,-15172000000.0,3924000000.0,0.0,9,28,3,0,0,0,
2026-07-31 13:40:00+00:00,362.5548400879,364.9400024414,362.2300109863,364.1109924316,82081,0.0,0.0,V,维萨,Visa Inc.,USD,13,40,V,358.84,669971251200,30.513605,23.960524,0.759,0.74,2.68,0.22129999,293.89,373.97,34100,18.87,19.016428,0.50782,0.1911,0.6119,23.398,13792000000,23857999872,44487999488,31093999616,0.97725,0.66130996,67.821,0.627,0.985,0.90352,0.00086000003,2.58,1704112694,1703359277,416.20026,450.0,330.0,1.375,37,40000000000.0,7855000000.0,32145000000.0,26556000000.0,20058000000.0,10.2,10.22,0,4369000000.0,4136000000.0,24194000000.0,26003000000.0,0,27776000000.0,21527903033.81004,1220000000.0,2194000000.0,1942000000.0,99627000000.0,61718000000.0,37909000000.0,25171000000.0,8007000000.0,17164000000.0,18997000000.0,0,3126000000.0,4236000000.0,10106000000.0,-5870000000.0,19879000000.0,0,19602000000.0,35048000000.0,37766000000.0,2718000000.0,15106000000.0,0.0,745000000.0,37909000000.0,-10361000000.0,62335000000.0,57511000000.0,23059000000.0,21577000000.0,-1482000000.0,-4634000000.0,-18316000000.0,-18963000000.0,708000000.0,4804000000.0,24987000000.0,19763000000.0,897000000.0,1220000000.0,152000000.0,20058000000.0,-15172000000.0,3924000000.0,0.0,9,28,3,0,0,0,
2026-07-31 13:45:00+00:00,364.549987793,364.7900085449,363.0,363.0,100050,0.0,0.0,V,维萨,Visa Inc.,USD,13,45,V,358.84,669971251200,30.513605,23.960524,0.759,0.74,2.68,0.22129999,293.89,373.97,34100,18.87,19.016428,0.50782,0.1911,0.6119,23.398,13792000000,23857999872,44487999488,31093999616,0.97725,0.66130996,67.821,0.627,0.985,0.90352,0.00086000003,2.58,1704112694,1703359277,416.20026,450.0,330.0,1.375,37,40000000000.0,7855000000.0,32145000000.0,26556000000.0,20058000000.0,10.2,10.22,0,4369000000.0,4136000000.0,24194000000.0,26003000000.0,0,27776000000.0,21527903033.81004,1220000000.0,2194000000.0,1942000000.0,99627000000.0,61718000000.0,37909000000.0,25171000000.0,8007000000.0,17164000000.0,18997000000.0,0,3126000000.0,4236000000.0,10106000000.0,-5870000000.0,19879000000.0,0,19602000000.0,35048000000.0,37766000000.0,2718000000.0,15106000000.0,0.0,745000000.0,37909000000.0,-10361000000.0,62335000000.0,57511000000.0,23059000000.0,21577000000.0,-1482000000.0,-4634000000.0,-18316000000.0,-18963000000.0,708000000.0,4804000000.0,24987000000.0,19763000000.0,897000000.0,1220000000.0,152000000.0,20058000000.0,-15172000000.0,3924000000.0,0.0,9,28,3,0,0,0,
2026-07-31 13:50:00+00:00,362.950012207,364.4800109863,362.049987793,364.0950012207,61947,0.0,0.0,V,维萨,Visa Inc.,USD,13,50,V,358.84,669971251200,30.513605,23.960524,0.759,0.74,2.68,0.22129999,293.89,373.97,34100,18.87,19.016428,0.50782,0.1911,0.6119,23.398,13792000000,23857999872,44487999488,31093999616,0.97725,0.66130996,67.821,0.627,0.985,0.90352,0.00086000003,2.58,1704112694,1703359277,416.20026,450.0,330.0,1.375,37,40000000000.0,7855000000.0,32145000000.0,26556000000.0,20058000000.0,10.2,10.22,0,4369000000.0,4136000000.0,24194000000.0,26003000000.0,0,27776000000.0,21527903033.81004,1220000000.0,2194000000.0,1942000000.0,99627000000.0,61718000000.0,37909000000.0,25171000000.0,8007000000.0,17164000000.0,18997000000.0,0,3126000000.0,4236000000.0,10106000000.0,-5870000000.0,19879000000.0,0,19602000000.0,35048000000.0,37766000000.0,2718000000.0,15106000000.0,0.0,745000000.0,37909000000.0,-10361000000.0,62335000000.0,57511000000.0,23059000000.0,21577000000.0,-1482000000.0,-4634000000.0,-18316000000.0,-18963000000.0,708000000.0,4804000000.0,24987000000.0,19763000000.0,897000000.0,1220000000.0,152000000.0,20058000000.0,-15172000000.0,3924000000.0,0.0,9,28,3,0,0,0,
2026-07-31 13:55:00+00:00,364.1099853516,364.7799987793,363.7099914551,364.1400146484,99921,0.0,0.0,V,维萨,Visa Inc.,USD,13,55,V,358.84,669971251200,30.513605,23.960524,0.759,0.74,2.68,0.22129999,293.89,373.97,34100,18.87,19.016428,0.50782,0.1911,0.6119,23.398,13792000000,23857999872,44487999488,31093999616,0.97725,0.66130996,67.821,0.627,0.985,0.90352,0.00086000003,2.58,1704112694,1703359277,416.20026,450.0,330.0,1.375,37,40000000000.0,7855000000.0,32145000000.0,26556000000.0,20058000000.0,10.2,10.22,0,4369000000.0,4136000000.0,24194000000.0,26003000000.0,0,27776000000.0,21527903033.81004,1220000000.0,2194000000.0,1942000000.0,99627000000.0,61718000000.0,37909000000.0,25171000000.0,8007000000.0,17164000000.0,18997000000.0,0,3126000000.0,4236000000.0,10106000000.0,-5870000000.0,19879000000.0,0,19602000000.0,35048000000.0,37766000000.0,2718000000.0,15106000000.0,0.0,745000000.0,37909000000.0,-10361000000.0,62335000000.0,57511000000.0,23059000000.0,21577000000.0,-1482000000.0,-4634000000.0,-18316000000.0,-18963000000.0,708000000.0,4804000000.0,24987000000.0,19763000000.0,897000000.0,1220000000.0,152000000.0,20058000000.0,-15172000000.0,3924000000.0,0.0,9,28,3,0,0,0,
2026-07-31 14:00:00+00:00,364.2399902344,364.6700134277,364.0,364.25,103466,0.0,0.0,V,维萨,Visa Inc.,USD,14,0,V,358.84,669971251200,30.513605,23.960524,0.759,0.74,2.68,0.22129999,293.89,373.97,34100,18.87,19.016428,0.50782,0.1911,0.6119,23.398,13792000000,23857999872,44487999488,31093999616,0.97725,0.66130996,67.821,0.627,0.985,0.90352,0.00086000003,2.58,1704112694,1703359277,416.20026,450.0,330.0,1.375,37,40000000000.0,7855000000.0,32145000000.0,26556000000.0,20058000000.0,10.2,10.22,0,4369000000.0,4136000000.0,24194000000.0,26003000000.0,0,27776000000.0,21527903033.81004,1220000000.0,2194000000.0,1942000000.0,99627000000.0,61718000000.0,37909000000.0,25171000000.0,8007000000.0,17164000000.0,18997000000.0,0,3126000000.0,4236000000.0,10106000000.0,-5870000000.0,19879000000.0,0,19602000000.0,35048000000.0,37766000000.0,2718000000.0,15106000000.0,0.0,745000000.0,37909000000.0,-10361000000.0,62335000000.0,57511000000.0,23059000000.0,21577000000.0,-1482000000.0,-4634000000.0,-18316000000.0,-18963000000.0,708000000.0,4804000000.0,24987000000.0,19763000000.0,897000000.0,1220000000.0,152000000.0,20058000000.0,-15172000000.0,3924000000.0,0.0,9,28,3,0,0,0,
2026-07-31 14:05:00+00:00,364.2399902344,364.8999938965,364.0,364.8999938965,102037,0.0,0.0,V,维萨,Visa Inc.,USD,14,5,V,358.84,669971251200,30.513605,23.960524,0.759,0.74,2.68,0.22129999,293.89,373.97,34100,18.87,19.016428,0.50782,0.1911,0.6119,23.398,13792000000,23857999872,44487999488,31093999616,0.97725,0.66130996,67.821,0.627,0.985,0.90352,0.00086000003,2.58,1704112694,1703359277,416.20026,450.0,330.0,1.375,37,40000000000.0,7855000000.0,32145000000.0,26556000000.0,20058000000.0,10.2,10.22,0,4369000000.0,4136000000.0,24194000000.0,26003000000.0,0,27776000000.0,21527903033.81004,1220000000.0,2194000000.0,1942000000.0,99627000000.0,61718000000.0,37909000000.0,25171000000.0,8007000000.0,17164000000.0,18997000000.0,0,3126000000.0,4236000000.0,10106000000.0,-5870000000.0,19879000000.0,0,19602000000.0,35048000000.0,37766000000.0,2718000000.0,15106000000.0,0.0,745000000.0,37909000000.0,-10361000000.0,62335000000.0,57511000000.0,23059000000.0,21577000000.0,-1482000000.0,-4634000000.0,-18316000000.0,-18963000000.0,708000000.0,4804000000.0,24987000000.0,19763000000.0,897000000.0,1220000000.0,152000000.0,20058000000.0,-15172000000.0,3924000000.0,0.0,9,28,3,0,0,0,
2026-07-31 14:10:00+00:00,364.825012207,364.8999938965,363.5199890137,364.0650024414,147120,0.0,0.0,V,维萨,Visa Inc.,USD,14,10,V,358.84,669971251200,30.513605,23.960524,0.759,0.74,2.68,0.22129999,293.89,373.97,34100,18.87,19.016428,0.50782,0.1911,0.6119,23.398,13792000000,23857999872,44487999488,31093999616,0.97725,0.66130996,67.821,0.627,0.985,0.90352,0.00086000003,2.58,1704112694,1703359277,416.20026,450.0,330.0,1.375,37,40000000000.0,7855000000.0,32145000000.0,26556000000.0,20058000000.0,10.2,10.22,0,4369000000.0,4136000000.0,24194000000.0,26003000000.0,0,27776000000.0,21527903033.81004,1220000000.0,2194000000.0,1942000000.0,99627000000.0,61718000000.0,37909000000.0,25171000000.0,8007000000.0,17164000000.0,18997000000.0,0,3126000000.0,4236000000.0,10106000000.0,-5870000000.0,19879000000.0,0,19602000000.0,35048000000.0,37766000000.0,2718000000.0,15106000000.0,0.0,745000000.0,37909000000.0,-10361000000.0,62335000000.0,57511000000.0,23059000000.0,21577000000.0,-1482000000.0,-4634000000.0,-18316000000.0,-18963000000.0,708000000.0,4804000000.0,24987000000.0,19763000000.0,897000000.0,1220000000.0,152000000.0,20058000000.0,-15172000000.0,3924000000.0,0.0,9,28,3,0,0,0,
2026-07-31 14:15:00+00:00,363.9599914551,363.9599914551,362.799987793,363.0050048828,95619,0.0,0.0,V,维萨,Visa Inc.,USD,14,15,V,358.84,669971251200,30.513605,23.960524,0.759,0.74,2.68,0.22129999,293.89,373.97,34100,18.87,19.016428,0.50782,0.1911,0.6119,23.398,13792000000,23857999872,44487999488,31093999616,0.97725,0.66130996,67.821,0.627,0.985,0.90352,0.00086000003,2.58,1704112694,1703359277,416.20026,450.0,330.0,1.375,37,40000000000.0,7855000000.0,32145000000.0,26556000000.0,20058000000.0,10.2,10.22,0,4369000000.0,4136000000.0,24194000000.0,26003000000.0,0,27776000000.0,21527903033.81004,1220000000.0,2194000000.0,1942000000.0,99627000000.0,61718000000.0,37909000000.0,25171000000.0,8007000000.0,17164000000.0,18997000000.0,0,3126000000.0,4236000000.0,10106000000.0,-5870000000.0,19879000000.0,0,19602000000.0,35048000000.0,37766000000.0,2718000000.0,15106000000.0,0.0,745000000.0,37909000000.0,-10361000000.0,62335000000.0,57511000000.0,23059000000.0,21577000000.0,-1482000000.0,-4634000000.0,-18316000000.0,-18963000000.0,708000000.0,4804000000.0,24987000000.0,19763000000.0,897000000.0,1220000000.0,152000000.0,20058000000.0,-15172000000.0,3924000000.0,0.0,9,28,3,0,0,0,
2026-07-31 14:20:00+00:00,363.0050048828,364.3200073242,362.8099975586,363.9200134277,62624,0.0,0.0,V,维萨,Visa Inc.,USD,14,20,V,358.84,669971251200,30.513605,23.960524,0.759,0.74,2.68,0.22129999,293.89,373.97,34100,18.87,19.016428,0.50782,0.1911,0.6119,23.398,13792000000,23857999872,44487999488,31093999616,0.97725,0.66130996,67.821,0.627,0.985,0.90352,0.00086000003,2.58,1704112694,1703359277,416.20026,450.0,330.0,1.375,37,40000000000.0,7855000000.0,32145000000.0,26556000000.0,20058000000.0,10.2,10.22,0,4369000000.0,4136000000.0,24194000000.0,26003000000.0,0,27776000000.0,21527903033.81004,1220000000.0,2194000000.0,1942000000.0,99627000000.0,61718000000.0,37909000000.0,25171000000.0,8007000000.0,17164000000.0,18997000000.0,0,3126000000.0,4236000000.0,10106000000.0,-5870000000.0,19879000000.0,0,19602000000.0,35048000000.0,37766000000.0,2718000000.0,15106000000.0,0.0,745000000.0,37909000000.0,-10361000000.0,62335000000.0,57511000000.0,23059000000.0,21577000000.0,-1482000000.0,-4634000000.0,-18316000000.0,-18963000000.0,708000000.0,4804000000.0,24987000000.0,19763000000.0,897000000.0,1220000000.0,152000000.0,20058000000.0,-15172000000.0,3924000000.0,0.0,9,28,3,0,0,0,
2026-07-31 14:25:00+00:00,363.9208984375,364.1400146484,363.5799865723,363.9100036621,38020,0.0,0.0,V,维萨,Visa Inc.,USD,14,25,V,358.84,669971251200,30.513605,23.960524,0.759,0.74,2.68,0.22129999,293.89,373.97,34100,18.87,19.016428,0.50782,0.1911,0.6119,23.398,13792000000,23857999872,44487999488,31093999616,0.97725,0.66130996,67.821,0.627,0.985,0.90352,0.00086000003,2.58,1704112694,1703359277,416.20026,450.0,330.0,1.375,37,40000000000.0,7855000000.0,32145000000.0,26556000000.0,20058000000.0,10.2,10.22,0,4369000000.0,4136000000.0,24194000000.0,26003000000.0,0,27776000000.0,21527903033.81004,1220000000.0,2194000000.0,1942000000.0,99627000000.0,61718000000.0,37909000000.0,25171000000.0,8007000000.0,17164000000.0,18997000000.0,0,3126000000.0,4236000000.0,10106000000.0,-5870000000.0,19879000000.0,0,19602000000.0,35048000000.0,37766000000.0,2718000000.0,15106000000.0,0.0,745000000.0,37909000000.0,-10361000000.0,62335000000.0,57511000000.0,23059000000.0,21577000000.0,-1482000000.0,-4634000000.0,-18316000000.0,-18963000000.0,708000000.0,4804000000.0,24987000000.0,19763000000.0,897000000.0,1220000000.0,152000000.0,20058000000.0,-15172000000.0,3924000000.0,0.0,9,28,3,0,0,0,
2026-07-31 14:30:00+00:00,363.8099975586,364.549987793,363.5,363.6600952148,51259,0.0,0.0,V,维萨,Visa Inc.,USD,14,30,V,358.84,669971251200,30.513605,23.960524,0.759,0.74,2.68,0.22129999,293.89,373.97,34100,18.87,19.016428,0.50782,0.1911,0.6119,23.398,13792000000,23857999872,44487999488,31093999616,0.97725,0.66130996,67.821,0.627,0.985,0.90352,0.00086000003,2.58,1704112694,1703359277,416.20026,450.0,330.0,1.375,37,40000000000.0,7855000000.0,32145000000.0,26556000000.0,20058000000.0,10.2,10.22,0,4369000000.0,4136000000.0,24194000000.0,26003000000.0,0,27776000000.0,21527903033.81004,1220000000.0,2194000000.0,1942000000.0,99627000000.0,61718000000.0,37909000000.0,25171000000.0,8007000000.0,17164000000.0,18997000000.0,0,3126000000.0,4236000000.0,10106000000.0,-5870000000.0,19879000000.0,0,19602000000.0,35048000000.0,37766000000.0,2718000000.0,15106000000.0,0.0,745000000.0,37909000000.0,-10361000000.0,62335000000.0,57511000000.0,23059000000.0,21577000000.0,-1482000000.0,-4634000000.0,-18316000000.0,-18963000000.0,708000000.0,4804000000.0,24987000000.0,19763000000.0,897000000.0,1220000000.0,152000000.0,20058000000.0,-15172000000.0,3924000000.0,0.0,9,28,3,0,0,0,
2026-07-31 14:35:00+00:00,363.8500061035,364.5650024414,363.6499938965,364.4800109863,46083,0.0,0.0,V,维萨,Visa Inc.,USD,14,35,V,358.84,669971251200,30.513605,23.960524,0.759,0.74,2.68,0.22129999,293.89,373.97,34100,18.87,19.016428,0.50782,0.1911,0.6119,23.398,13792000000,23857999872,44487999488,31093999616,0.97725,0.66130996,67.821,0.627,0.985,0.90352,0.00086000003,2.58,1704112694,1703359277,416.20026,450.0,330.0,1.375,37,40000000000.0,7855000000.0,32145000000.0,26556000000.0,20058000000.0,10.2,10.22,0,4369000000.0,4136000000.0,24194000000.0,26003000000.0,0,27776000000.0,21527903033.81004,1220000000.0,2194000000.0,1942000000.0,99627000000.0,61718000000.0,37909000000.0,25171000000.0,8007000000.0,17164000000.0,18997000000.0,0,3126000000.0,4236000000.0,10106000000.0,-5870000000.0,19879000000.0,0,19602000000.0,35048000000.0,37766000000.0,2718000000.0,15106000000.0,0.0,745000000.0,37909000000.0,-10361000000.0,62335000000.0,57511000000.0,23059000000.0,21577000000.0,-1482000000.0,-4634000000.0,-18316000000.0,-18963000000.0,708000000.0,4804000000.0,24987000000.0,19763000000.0,897000000.0,1220000000.0,152000000.0,20058000000.0,-15172000000.0,3924000000.0,0.0,9,28,3,0,0,0,
2026-07-31 14:40:00+00:00,364.4800109863,365.3800048828,364.424987793,365.0700073242,53988,0.0,0.0,V,维萨,Visa Inc.,USD,14,40,V,358.84,669971251200,30.513605,23.960524,0.759,0.74,2.68,0.22129999,293.89,373.97,34100,18.87,19.016428,0.50782,0.1911,0.6119,23.398,13792000000,23857999872,44487999488,31093999616,0.97725,0.66130996,67.821,0.627,0.985,0.90352,0.00086000003,2.58,1704112694,1703359277,416.20026,450.0,330.0,1.375,37,40000000000.0,7855000000.0,32145000000.0,26556000000.0,20058000000.0,10.2,10.22,0,4369000000.0,4136000000.0,24194000000.0,26003000000.0,0,27776000000.0,21527903033.81004,1220000000.0,2194000000.0,1942000000.0,99627000000.0,61718000000.0,37909000000.0,25171000000.0,8007000000.0,17164000000.0,18997000000.0,0,3126000000.0,4236000000.0,10106000000.0,-5870000000.0,19879000000.0,0,19602000000.0,35048000000.0,37766000000.0,2718000000.0,15106000000.0,0.0,745000000.0,37909000000.0,-10361000000.0,62335000000.0,57511000000.0,23059000000.0,21577000000.0,-1482000000.0,-4634000000.0,-18316000000.0,-18963000000.0,708000000.0,4804000000.0,24987000000.0,19763000000.0,897000000.0,1220000000.0,152000000.0,20058000000.0,-15172000000.0,3924000000.0,0.0,9,28,3,0,0,0,
2026-07-31 14:45:00+00:00,365.049987793,365.3800048828,364.1400146484,364.3150024414,42354,0.0,0.0,V,维萨,Visa Inc.,USD,14,45,V,358.84,669971251200,30.513605,23.960524,0.759,0.74,2.68,0.22129999,293.89,373.97,34100,18.87,19.016428,0.50782,0.1911,0.6119,23.398,13792000000,23857999872,44487999488,31093999616,0.97725,0.66130996,67.821,0.627,0.985,0.90352,0.00086000003,2.58,1704112694,1703359277,416.20026,450.0,330.0,1.375,37,40000000000.0,7855000000.0,32145000000.0,26556000000.0,20058000000.0,10.2,10.22,0,4369000000.0,4136000000.0,24194000000.0,26003000000.0,0,27776000000.0,21527903033.81004,1220000000.0,2194000000.0,1942000000.0,99627000000.0,61718000000.0,37909000000.0,25171000000.0,8007000000.0,17164000000.0,18997000000.0,0,3126000000.0,4236000000.0,10106000000.0,-5870000000.0,19879000000.0,0,19602000000.0,35048000000.0,37766000000.0,2718000000.0,15106000000.0,0.0,745000000.0,37909000000.0,-10361000000.0,62335000000.0,57511000000.0,23059000000.0,21577000000.0,-1482000000.0,-4634000000.0,-18316000000.0,-18963000000.0,708000000.0,4804000000.0,24987000000.0,19763000000.0,897000000.0,1220000000.0,152000000.0,20058000000.0,-15172000000.0,3924000000.0,0.0,9,28,3,0,0,0,
2026-07-31 14:50:00+00:00,364.2200012207,364.3599853516,363.6799926758,363.8200073242,51944,0.0,0.0,V,维萨,Visa Inc.,USD,14,50,V,358.84,669971251200,30.513605,23.960524,0.759,0.74,2.68,0.22129999,293.89,373.97,34100,18.87,19.016428,0.50782,0.1911,0.6119,23.398,13792000000,23857999872,44487999488,31093999616,0.97725,0.66130996,67.821,0.627,0.985,0.90352,0.00086000003,2.58,1704112694,1703359277,416.20026,450.0,330.0,1.375,37,40000000000.0,7855000000.0,32145000000.0,26556000000.0,20058000000.0,10.2,10.22,0,4369000000.0,4136000000.0,24194000000.0,26003000000.0,0,27776000000.0,21527903033.81004,1220000000.0,2194000000.0,1942000000.0,99627000000.0,61718000000.0,37909000000.0,25171000000.0,8007000000.0,17164000000.0,18997000000.0,0,3126000000.0,4236000000.0,10106000000.0,-5870000000.0,19879000000.0,0,19602000000.0,35048000000.0,37766000000.0,2718000000.0,15106000000.0,0.0,745000000.0,37909000000.0,-10361000000.0,62335000000.0,57511000000.0,23059000000.0,21577000000.0,-1482000000.0,-4634000000.0,-18316000000.0,-18963000000.0,708000000.0,4804000000.0,24987000000.0,19763000000.0,897000000.0,1220000000.0,152000000.0,20058000000.0,-15172000000.0,3924000000.0,0.0,9,28,3,0,0,0,
2026-07-31 14:55:00+00:00,363.7900085449,364.3699951172,363.5799865723,363.7225036621,67914,0.0,0.0,V,维萨,Visa Inc.,USD,14,55,V,358.84,669971251200,30.513605,23.960524,0.759,0.74,2.68,0.22129999,293.89,373.97,34100,18.87,19.016428,0.50782,0.1911,0.6119,23.398,13792000000,23857999872,44487999488,31093999616,0.97725,0.66130996,67.821,0.627,0.985,0.90352,0.00086000003,2.58,1704112694,1703359277,416.20026,450.0,330.0,1.375,37,40000000000.0,7855000000.0,32145000000.0,26556000000.0,20058000000.0,10.2,10.22,0,4369000000.0,4136000000.0,24194000000.0,26003000000.0,0,27776000000.0,21527903033.81004,1220000000.0,2194000000.0,1942000000.0,99627000000.0,61718000000.0,37909000000.0,25171000000.0,8007000000.0,17164000000.0,18997000000.0,0,3126000000.0,4236000000.0,10106000000.0,-5870000000.0,19879000000.0,0,19602000000.0,35048000000.0,37766000000.0,2718000000.0,15106000000.0,0.0,745000000.0,37909000000.0,-10361000000.0,62335000000.0,57511000000.0,23059000000.0,21577000000.0,-1482000000.0,-4634000000.0,-18316000000.0,-18963000000.0,708000000.0,4804000000.0,24987000000.0,19763000000.0,897000000.0,1220000000.0,152000000.0,20058000000.0,-15172000000.0,3924000000.0,0.0,9,28,3,0,0,0,
2026-07-31 15:00:00+00:00,363.7250061035,363.9400024414,363.3999938965,363.6600036621,85245,0.0,0.0,V,维萨,Visa Inc.,USD,15,0,V,358.84,669971251200,30.513605,23.960524,0.759,0.74,2.68,0.22129999,293.89,373.97,34100,18.87,19.016428,0.50782,0.1911,0.6119,23.398,13792000000,23857999872,44487999488,31093999616,0.97725,0.66130996,67.821,0.627,0.985,0.90352,0.00086000003,2.58,1704112694,1703359277,416.20026,450.0,330.0,1.375,37,40000000000.0,7855000000.0,32145000000.0,26556000000.0,20058000000.0,10.2,10.22,0,4369000000.0,4136000000.0,24194000000.0,26003000000.0,0,27776000000.0,21527903033.81004,1220000000.0,2194000000.0,1942000000.0,99627000000.0,61718000000.0,37909000000.0,25171000000.0,8007000000.0,17164000000.0,18997000000.0,0,3126000000.0,4236000000.0,10106000000.0,-5870000000.0,19879000000.0,0,19602000000.0,35048000000.0,37766000000.0,2718000000.0,15106000000.0,0.0,745000000.0,37909000000.0,-10361000000.0,62335000000.0,57511000000.0,23059000000.0,21577000000.0,-1482000000.0,-4634000000.0,-18316000000.0,-18963000000.0,708000000.0,4804000000.0,24987000000.0,19763000000.0,897000000.0,1220000000.0,152000000.0,20058000000.0,-15172000000.0,3924000000.0,0.0,9,28,3,0,0,0,
2026-07-31 15:05:00+00:00,363.6199951172,364.0799865723,363.1400146484,364.0299987793,57385,0.0,0.0,V,维萨,Visa Inc.,USD,15,5,V,358.84,669971251200,30.513605,23.960524,0.759,0.74,2.68,0.22129999,293.89,373.97,34100,18.87,19.016428,0.50782,0.1911,0.6119,23.398,13792000000,23857999872,44487999488,31093999616,0.97725,0.66130996,67.821,0.627,0.985,0.90352,0.00086000003,2.58,1704112694,1703359277,416.20026,450.0,330.0,1.375,37,40000000000.0,7855000000.0,32145000000.0,26556000000.0,20058000000.0,10.2,10.22,0,4369000000.0,4136000000.0,24194000000.0,26003000000.0,0,27776000000.0,21527903033.81004,1220000000.0,2194000000.0,1942000000.0,99627000000.0,61718000000.0,37909000000.0,25171000000.0,8007000000.0,17164000000.0,18997000000.0,0,3126000000.0,4236000000.0,10106000000.0,-5870000000.0,19879000000.0,0,19602000000.0,35048000000.0,37766000000.0,2718000000.0,15106000000.0,0.0,745000000.0,37909000000.0,-10361000000.0,62335000000.0,57511000000.0,23059000000.0,21577000000.0,-1482000000.0,-4634000000.0,-18316000000.0,-18963000000.0,708000000.0,4804000000.0,24987000000.0,19763000000.0,897000000.0,1220000000.0,152000000.0,20058000000.0,-15172000000.0,3924000000.0,0.0,9,28,3,0,0,0,
2026-07-31 15:10:00+00:00,364.0,364.3099975586,363.7900085449,364.0899963379,68833,0.0,0.0,V,维萨,Visa Inc.,USD,15,10,V,358.84,669971251200,30.513605,23.960524,0.759,0.74,2.68,0.22129999,293.89,373.97,34100,18.87,19.016428,0.50782,0.1911,0.6119,23.398,13792000000,23857999872,44487999488,31093999616,0.97725,0.66130996,67.821,0.627,0.985,0.90352,0.00086000003,2.58,1704112694,1703359277,416.20026,450.0,330.0,1.375,37,40000000000.0,7855000000.0,32145000000.0,26556000000.0,20058000000.0,10.2,10.22,0,4369000000.0,4136000000.0,24194000000.0,26003000000.0,0,27776000000.0,21527903033.81004,1220000000.0,2194000000.0,1942000000.0,99627000000.0,61718000000.0,37909000000.0,25171000000.0,8007000000.0,17164000000.0,18997000000.0,0,3126000000.0,4236000000.0,10106000000.0,-5870000000.0,19879000000.0,0,19602000000.0,35048000000.0,37766000000.0,2718000000.0,15106000000.0,0.0,745000000.0,37909000000.0,-10361000000.0,62335000000.0,57511000000.0,23059000000.0,21577000000.0,-1482000000.0,-4634000000.0,-18316000000.0,-18963000000.0,708000000.0,4804000000.0,24987000000.0,19763000000.0,897000000.0,1220000000.0,152000000.0,20058000000.0,-15172000000.0,3924000000.0,0.0,9,28,3,0,0,0,
2026-07-31 15:15:00+00:00,364.0899963379,364.1600036621,363.299987793,363.3900146484,76105,0.0,0.0,V,维萨,Visa Inc.,USD,15,15,V,358.84,669971251200,30.513605,23.960524,0.759,0.74,2.68,0.22129999,293.89,373.97,34100,18.87,19.016428,0.50782,0.1911,0.6119,23.398,13792000000,23857999872,44487999488,31093999616,0.97725,0.66130996,67.821,0.627,0.985,0.90352,0.00086000003,2.58,1704112694,1703359277,416.20026,450.0,330.0,1.375,37,40000000000.0,7855000000.0,32145000000.0,26556000000.0,20058000000.0,10.2,10.22,0,4369000000.0,4136000000.0,24194000000.0,26003000000.0,0,27776000000.0,21527903033.81004,1220000000.0,2194000000.0,1942000000.0,99627000000.0,61718000000.0,37909000000.0,25171000000.0,8007000000.0,17164000000.0,18997000000.0,0,3126000000.0,4236000000.0,10106000000.0,-5870000000.0,19879000000.0,0,19602000000.0,35048000000.0,37766000000.0,2718000000.0,15106000000.0,0.0,745000000.0,37909000000.0,-10361000000.0,62335000000.0,57511000000.0,23059000000.0,21577000000.0,-1482000000.0,-4634000000.0,-18316000000.0,-18963000000.0,708000000.0,4804000000.0,24987000000.0,19763000000.0,897000000.0,1220000000.0,152000000.0,20058000000.0,-15172000000.0,3924000000.0,0.0,9,28,3,0,0,0,
2026-07-31 15:20:00+00:00,363.3699951172,363.6350097656,363.1199951172,363.3099975586,86879,0.0,0.0,V,维萨,Visa Inc.,USD,15,20,V,358.84,669971251200,30.513605,23.960524,0.759,0.74,2.68,0.22129999,293.89,373.97,34100,18.87,19.016428,0.50782,0.1911,0.6119,23.398,13792000000,23857999872,44487999488,31093999616,0.97725,0.66130996,67.821,0.627,0.985,0.90352,0.00086000003,2.58,1704112694,1703359277,416.20026,450.0,330.0,1.375,37,40000000000.0,7855000000.0,32145000000.0,26556000000.0,20058000000.0,10.2,10.22,0,4369000000.0,4136000000.0,24194000000.0,26003000000.0,0,27776000000.0,21527903033.81004,1220000000.0,2194000000.0,1942000000.0,99627000000.0,61718000000.0,37909000000.0,25171000000.0,8007000000.0,17164000000.0,18997000000.0,0,3126000000.0,4236000000.0,10106000000.0,-5870000000.0,19879000000.0,0,19602000000.0,35048000000.0,37766000000.0,2718000000.0,15106000000.0,0.0,745000000.0,37909000000.0,-10361000000.0,62335000000.0,57511000000.0,23059000000.0,21577000000.0,-1482000000.0,-4634000000.0,-18316000000.0,-18963000000.0,708000000.0,4804000000.0,24987000000.0,19763000000.0,897000000.0,1220000000.0,152000000.0,20058000000.0,-15172000000.0,3924000000.0,0.0,9,28,3,0,0,0,
2026-07-31 15:25:00+00:00,363.299987793,363.75,362.8649902344,362.9599914551,58456,0.0,0.0,V,维萨,Visa Inc.,USD,15,25,V,358.84,669971251200,30.513605,23.960524,0.759,0.74,2.68,0.22129999,293.89,373.97,34100,18.87,19.016428,0.50782,0.1911,0.6119,23.398,13792000000,23857999872,44487999488,31093999616,0.97725,0.66130996,67.821,0.627,0.985,0.90352,0.00086000003,2.58,1704112694,1703359277,416.20026,450.0,330.0,1.375,37,40000000000.0,7855000000.0,32145000000.0,26556000000.0,20058000000.0,10.2,10.22,0,4369000000.0,4136000000.0,24194000000.0,26003000000.0,0,27776000000.0,21527903033.81004,1220000000.0,2194000000.0,1942000000.0,99627000000.0,61718000000.0,37909000000.0,25171000000.0,8007000000.0,17164000000.0,18997000000.0,0,3126000000.0,4236000000.0,10106000000.0,-5870000000.0,19879000000.0,0,19602000000.0,35048000000.0,37766000000.0,2718000000.0,15106000000.0,0.0,745000000.0,37909000000.0,-10361000000.0,62335000000.0,57511000000.0,23059000000.0,21577000000.0,-1482000000.0,-4634000000.0,-18316000000.0,-18963000000.0,708000000.0,4804000000.0,24987000000.0,19763000000.0,897000000.0,1220000000.0,152000000.0,20058000000.0,-15172000000.0,3924000000.0,0.0,9,28,3,0,0,0,
2026-07-31 15:30:00+00:00,362.9299926758,363.6000061035,362.5799865723,363.4400024414,63670,0.0,0.0,V,维萨,Visa Inc.,USD,15,30,V,358.84,669971251200,30.513605,23.960524,0.759,0.74,2.68,0.22129999,293.89,373.97,34100,18.87,19.016428,0.50782,0.1911,0.6119,23.398,13792000000,23857999872,44487999488,31093999616,0.97725,0.66130996,67.821,0.627,0.985,0.90352,0.00086000003,2.58,1704112694,1703359277,416.20026,450.0,330.0,1.375,37,40000000000.0,7855000000.0,32145000000.0,26556000000.0,20058000000.0,10.2,10.22,0,4369000000.0,4136000000.0,24194000000.0,26003000000.0,0,27776000000.0,21527903033.81004,1220000000.0,2194000000.0,1942000000.0,99627000000.0,61718000000.0,37909000000.0,25171000000.0,8007000000.0,17164000000.0,18997000000.0,0,3126000000.0,4236000000.0,10106000000.0,-5870000000.0,19879000000.0,0,19602000000.0,35048000000.0,37766000000.0,2718000000.0,15106000000.0,0.0,745000000.0,37909000000.0,-10361000000.0,62335000000.0,57511000000.0,23059000000.0,21577000000.0,-1482000000.0,-4634000000.0,-18316000000.0,-18963000000.0,708000000.0,4804000000.0,24987000000.0,19763000000.0,897000000.0,1220000000.0,152000000.0,20058000000.0,-15172000000.0,3924000000.0,0.0,9,28,3,0,0,0,
2026-07-31 15:35:00+00:00,363.3299865723,363.799987793,363.200012207,363.6000976562,63230,0.0,0.0,V,维萨,Visa Inc.,USD,15,35,V,358.84,669971251200,30.513605,23.960524,0.759,0.74,2.68,0.22129999,293.89,373.97,34100,18.87,19.016428,0.50782,0.1911,0.6119,23.398,13792000000,23857999872,44487999488,31093999616,0.97725,0.66130996,67.821,0.627,0.985,0.90352,0.00086000003,2.58,1704112694,1703359277,416.20026,450.0,330.0,1.375,37,40000000000.0,7855000000.0,32145000000.0,26556000000.0,20058000000.0,10.2,10.22,0,4369000000.0,4136000000.0,24194000000.0,26003000000.0,0,27776000000.0,21527903033.81004,1220000000.0,2194000000.0,1942000000.0,99627000000.0,61718000000.0,37909000000.0,25171000000.0,8007000000.0,17164000000.0,18997000000.0,0,3126000000.0,4236000000.0,10106000000.0,-5870000000.0,19879000000.0,0,19602000000.0,35048000000.0,37766000000.0,2718000000.0,15106000000.0,0.0,745000000.0,37909000000.0,-10361000000.0,62335000000.0,57511000000.0,23059000000.0,21577000000.0,-1482000000.0,-4634000000.0,-18316000000.0,-18963000000.0,708000000.0,4804000000.0,24987000000.0,19763000000.0,897000000.0,1220000000.0,152000000.0,20058000000.0,-15172000000.0,3924000000.0,0.0,9,28,3,0,0,0,
2026-07-31 15:40:00+00:00,363.6149902344,364.5,363.3900146484,364.5,70261,0.0,0.0,V,维萨,Visa Inc.,USD,15,40,V,358.84,669971251200,30.513605,23.960524,0.759,0.74,2.68,0.22129999,293.89,373.97,34100,18.87,19.016428,0.50782,0.1911,0.6119,23.398,13792000000,23857999872,44487999488,31093999616,0.97725,0.66130996,67.821,0.627,0.985,0.90352,0.00086000003,2.58,1704112694,1703359277,416.20026,450.0,330.0,1.375,37,40000000000.0,7855000000.0,32145000000.0,26556000000.0,20058000000.0,10.2,10.22,0,4369000000.0,4136000000.0,24194000000.0,26003000000.0,0,27776000000.0,21527903033.81004,1220000000.0,2194000000.0,1942000000.0,99627000000.0,61718000000.0,37909000000.0,25171000000.0,8007000000.0,17164000000.0,18997000000.0,0,3126000000.0,4236000000.0,10106000000.0,-5870000000.0,19879000000.0,0,19602000000.0,35048000000.0,37766000000.0,2718000000.0,15106000000.0,0.0,745000000.0,37909000000.0,-10361000000.0,62335000000.0,57511000000.0,23059000000.0,21577000000.0,-1482000000.0,-4634000000.0,-18316000000.0,-18963000000.0,708000000.0,4804000000.0,24987000000.0,19763000000.0,897000000.0,1220000000.0,152000000.0,20058000000.0,-15172000000.0,3924000000.0,0.0,9,28,3,0,0,0,
2026-07-31 15:45:00+00:00,364.3399963379,364.9400024414,364.2850036621,364.3699951172,68001,0.0,0.0,V,维萨,Visa Inc.,USD,15,45,V,358.84,669971251200,30.513605,23.960524,0.759,0.74,2.68,0.22129999,293.89,373.97,34100,18.87,19.016428,0.50782,0.1911,0.6119,23.398,13792000000,23857999872,44487999488,31093999616,0.97725,0.66130996,67.821,0.627,0.985,0.90352,0.00086000003,2.58,1704112694,1703359277,416.20026,450.0,330.0,1.375,37,40000000000.0,7855000000.0,32145000000.0,26556000000.0,20058000000.0,10.2,10.22,0,4369000000.0,4136000000.0,24194000000.0,26003000000.0,0,27776000000.0,21527903033.81004,1220000000.0,2194000000.0,1942000000.0,99627000000.0,61718000000.0,37909000000.0,25171000000.0,8007000000.0,17164000000.0,18997000000.0,0,3126000000.0,4236000000.0,10106000000.0,-5870000000.0,19879000000.0,0,19602000000.0,35048000000.0,37766000000.0,2718000000.0,15106000000.0,0.0,745000000.0,37909000000.0,-10361000000.0,62335000000.0,57511000000.0,23059000000.0,21577000000.0,-1482000000.0,-4634000000.0,-18316000000.0,-18963000000.0,708000000.0,4804000000.0,24987000000.0,19763000000.0,897000000.0,1220000000.0,152000000.0,20058000000.0,-15172000000.0,3924000000.0,0.0,9,28,3,0,0,0,
2026-07-31 15:50:00+00:00,364.375,364.6799926758,364.1199951172,364.3850097656,43359,0.0,0.0,V,维萨,Visa Inc.,USD,15,50,V,358.84,669971251200,30.513605,23.960524,0.759,0.74,2.68,0.22129999,293.89,373.97,34100,18.87,19.016428,0.50782,0.1911,0.6119,23.398,13792000000,23857999872,44487999488,31093999616,0.97725,0.66130996,67.821,0.627,0.985,0.90352,0.00086000003,2.58,1704112694,1703359277,416.20026,450.0,330.0,1.375,37,40000000000.0,7855000000.0,32145000000.0,26556000000.0,20058000000.0,10.2,10.22,0,4369000000.0,4136000000.0,24194000000.0,26003000000.0,0,27776000000.0,21527903033.81004,1220000000.0,2194000000.0,1942000000.0,99627000000.0,61718000000.0,37909000000.0,25171000000.0,8007000000.0,17164000000.0,18997000000.0,0,3126000000.0,4236000000.0,10106000000.0,-5870000000.0,19879000000.0,0,19602000000.0,35048000000.0,37766000000.0,2718000000.0,15106000000.0,0.0,745000000.0,37909000000.0,-10361000000.0,62335000000.0,57511000000.0,23059000000.0,21577000000.0,-1482000000.0,-4634000000.0,-18316000000.0,-18963000000.0,708000000.0,4804000000.0,24987000000.0,19763000000.0,897000000.0,1220000000.0,152000000.0,20058000000.0,-15172000000.0,3924000000.0,0.0,9,28,3,0,0,0,
2026-07-31 15:55:00+00:00,364.3850097656,365.1499938965,364.3200073242,365.0,35229,0.0,0.0,V,维萨,Visa Inc.,USD,15,55,V,358.84,669971251200,30.513605,23.960524,0.759,0.74,2.68,0.22129999,293.89,373.97,34100,18.87,19.016428,0.50782,0.1911,0.6119,23.398,13792000000,23857999872,44487999488,31093999616,0.97725,0.66130996,67.821,0.627,0.985,0.90352,0.00086000003,2.58,1704112694,1703359277,416.20026,450.0,330.0,1.375,37,40000000000.0,7855000000.0,32145000000.0,26556000000.0,20058000000.0,10.2,10.22,0,4369000000.0,4136000000.0,24194000000.0,26003000000.0,0,27776000000.0,21527903033.81004,1220000000.0,2194000000.0,1942000000.0,99627000000.0,61718000000.0,37909000000.0,25171000000.0,8007000000.0,17164000000.0,18997000000.0,0,3126000000.0,4236000000.0,10106000000.0,-5870000000.0,19879000000.0,0,19602000000.0,35048000000.0,37766000000.0,2718000000.0,15106000000.0,0.0,745000000.0,37909000000.0,-10361000000.0,62335000000.0,57511000000.0,23059000000.0,21577000000.0,-1482000000.0,-4634000000.0,-18316000000.0,-18963000000.0,708000000.0,4804000000.0,24987000000.0,19763000000.0,897000000.0,1220000000.0,152000000.0,20058000000.0,-15172000000.0,3924000000.0,0.0,9,28,3,0,0,0,
2026-07-31 16:00:00+00:00,364.8800048828,365.0700073242,364.6300048828,365.0700073242,33038,0.0,0.0,V,维萨,Visa Inc.,USD,16,0,V,358.84,669971251200,30.513605,23.960524,0.759,0.74,2.68,0.22129999,293.89,373.97,34100,18.87,19.016428,0.50782,0.1911,0.6119,23.398,13792000000,23857999872,44487999488,31093999616,0.97725,0.66130996,67.821,0.627,0.985,0.90352,0.00086000003,2.58,1704112694,1703359277,416.20026,450.0,330.0,1.375,37,40000000000.0,7855000000.0,32145000000.0,26556000000.0,20058000000.0,10.2,10.22,0,4369000000.0,4136000000.0,24194000000.0,26003000000.0,0,27776000000.0,21527903033.81004,1220000000.0,2194000000.0,1942000000.0,99627000000.0,61718000000.0,37909000000.0,25171000000.0,8007000000.0,17164000000.0,18997000000.0,0,3126000000.0,4236000000.0,10106000000.0,-5870000000.0,19879000000.0,0,19602000000.0,35048000000.0,37766000000.0,2718000000.0,15106000000.0,0.0,745000000.0,37909000000.0,-10361000000.0,62335000000.0,57511000000.0,23059000000.0,21577000000.0,-1482000000.0,-4634000000.0,-18316000000.0,-18963000000.0,708000000.0,4804000000.0,24987000000.0,19763000000.0,897000000.0,1220000000.0,152000000.0,20058000000.0,-15172000000.0,3924000000.0,0.0,9,28,3,0,0,0,
2026-07-31 16:05:00+00:00,364.9700012207,365.1199951172,364.7604064941,364.8299865723,28184,0.0,0.0,V,维萨,Visa Inc.,USD,16,5,V,358.84,669971251200,30.513605,23.960524,0.759,0.74,2.68,0.22129999,293.89,373.97,34100,18.87,19.016428,0.50782,0.1911,0.6119,23.398,13792000000,23857999872,44487999488,31093999616,0.97725,0.66130996,67.821,0.627,0.985,0.90352,0.00086000003,2.58,1704112694,1703359277,416.20026,450.0,330.0,1.375,37,40000000000.0,7855000000.0,32145000000.0,26556000000.0,20058000000.0,10.2,10.22,0,4369000000.0,4136000000.0,24194000000.0,26003000000.0,0,27776000000.0,21527903033.81004,1220000000.0,2194000000.0,1942000000.0,99627000000.0,61718000000.0,37909000000.0,25171000000.0,8007000000.0,17164000000.0,18997000000.0,0,3126000000.0,4236000000.0,10106000000.0,-5870000000.0,19879000000.0,0,19602000000.0,35048000000.0,37766000000.0,2718000000.0,15106000000.0,0.0,745000000.0,37909000000.0,-10361000000.0,62335000000.0,57511000000.0,23059000000.0,21577000000.0,-1482000000.0,-4634000000.0,-18316000000.0,-18963000000.0,708000000.0,4804000000.0,24987000000.0,19763000000.0,897000000.0,1220000000.0,152000000.0,20058000000.0,-15172000000.0,3924000000.0,0.0,9,28,3,0,0,0,
2026-07-31 16:10:00+00:00,364.8299865723,366.0400085449,364.7900085449,365.1400146484,63416,0.0,0.0,V,维萨,Visa Inc.,USD,16,10,V,358.84,669971251200,30.513605,23.960524,0.759,0.74,2.68,0.22129999,293.89,373.97,34100,18.87,19.016428,0.50782,0.1911,0.6119,23.398,13792000000,23857999872,44487999488,31093999616,0.97725,0.66130996,67.821,0.627,0.985,0.90352,0.00086000003,2.58,1704112694,1703359277,416.20026,450.0,330.0,1.375,37,40000000000.0,7855000000.0,32145000000.0,26556000000.0,20058000000.0,10.2,10.22,0,4369000000.0,4136000000.0,24194000000.0,26003000000.0,0,27776000000.0,21527903033.81004,1220000000.0,2194000000.0,1942000000.0,99627000000.0,61718000000.0,37909000000.0,25171000000.0,8007000000.0,17164000000.0,18997000000.0,0,3126000000.0,4236000000.0,10106000000.0,-5870000000.0,19879000000.0,0,19602000000.0,35048000000.0,37766000000.0,2718000000.0,15106000000.0,0.0,745000000.0,37909000000.0,-10361000000.0,62335000000.0,57511000000.0,23059000000.0,21577000000.0,-1482000000.0,-4634000000.0,-18316000000.0,-18963000000.0,708000000.0,4804000000.0,24987000000.0,19763000000.0,897000000.0,1220000000.0,152000000.0,20058000000.0,-15172000000.0,3924000000.0,0.0,9,28,3,0,0,0,
2026-07-31 16:15:00+00:00,365.1099853516,365.450012207,365.0299987793,365.450012207,46039,0.0,0.0,V,维萨,Visa Inc.,USD,16,15,V,358.84,669971251200,30.513605,23.960524,0.759,0.74,2.68,0.22129999,293.89,373.97,34100,18.87,19.016428,0.50782,0.1911,0.6119,23.398,13792000000,23857999872,44487999488,31093999616,0.97725,0.66130996,67.821,0.627,0.985,0.90352,0.00086000003,2.58,1704112694,1703359277,416.20026,450.0,330.0,1.375,37,40000000000.0,7855000000.0,32145000000.0,26556000000.0,20058000000.0,10.2,10.22,0,4369000000.0,4136000000.0,24194000000.0,26003000000.0,0,27776000000.0,21527903033.81004,1220000000.0,2194000000.0,1942000000.0,99627000000.0,61718000000.0,37909000000.0,25171000000.0,8007000000.0,17164000000.0,18997000000.0,0,3126000000.0,4236000000.0,10106000000.0,-5870000000.0,19879000000.0,0,19602000000.0,35048000000.0,37766000000.0,2718000000.0,15106000000.0,0.0,745000000.0,37909000000.0,-10361000000.0,62335000000.0,57511000000.0,23059000000.0,21577000000.0,-1482000000.0,-4634000000.0,-18316000000.0,-18963000000.0,708000000.0,4804000000.0,24987000000.0,19763000000.0,897000000.0,1220000000.0,152000000.0,20058000000.0,-15172000000.0,3924000000.0,0.0,9,28,3,0,0,0,
2026-07-31 16:20:00+00:00,365.3800048828,365.8500061035,365.3200073242,365.8200073242,27836,0.0,0.0,V,维萨,Visa Inc.,USD,16,20,V,358.84,669971251200,30.513605,23.960524,0.759,0.74,2.68,0.22129999,293.89,373.97,34100,18.87,19.016428,0.50782,0.1911,0.6119,23.398,13792000000,23857999872,44487999488,31093999616,0.97725,0.66130996,67.821,0.627,0.985,0.90352,0.00086000003,2.58,1704112694,1703359277,416.20026,450.0,330.0,1.375,37,40000000000.0,7855000000.0,32145000000.0,26556000000.0,20058000000.0,10.2,10.22,0,4369000000.0,4136000000.0,24194000000.0,26003000000.0,0,27776000000.0,21527903033.81004,1220000000.0,2194000000.0,1942000000.0,99627000000.0,61718000000.0,37909000000.0,25171000000.0,8007000000.0,17164000000.0,18997000000.0,0,3126000000.0,4236000000.0,10106000000.0,-5870000000.0,19879000000.0,0,19602000000.0,35048000000.0,37766000000.0,2718000000.0,15106000000.0,0.0,745000000.0,37909000000.0,-10361000000.0,62335000000.0,57511000000.0,23059000000.0,21577000000.0,-1482000000.0,-4634000000.0,-18316000000.0,-18963000000.0,708000000.0,4804000000.0,24987000000.0,19763000000.0,897000000.0,1220000000.0,152000000.0,20058000000.0,-15172000000.0,3924000000.0,0.0,9,28,3,0,0,0,
2026-07-31 16:25:00+00:00,365.7449951172,365.8200073242,365.0549926758,365.2399902344,23464,0.0,0.0,V,维萨,Visa Inc.,USD,16,25,V,358.84,669971251200,30.513605,23.960524,0.759,0.74,2.68,0.22129999,293.89,373.97,34100,18.87,19.016428,0.50782,0.1911,0.6119,23.398,13792000000,23857999872,44487999488,31093999616,0.97725,0.66130996,67.821,0.627,0.985,0.90352,0.00086000003,2.58,1704112694,1703359277,416.20026,450.0,330.0,1.375,37,40000000000.0,7855000000.0,32145000000.0,26556000000.0,20058000000.0,10.2,10.22,0,4369000000.0,4136000000.0,24194000000.0,26003000000.0,0,27776000000.0,21527903033.81004,1220000000.0,2194000000.0,1942000000.0,99627000000.0,61718000000.0,37909000000.0,25171000000.0,8007000000.0,17164000000.0,18997000000.0,0,3126000000.0,4236000000.0,10106000000.0,-5870000000.0,19879000000.0,0,19602000000.0,35048000000.0,37766000000.0,2718000000.0,15106000000.0,0.0,745000000.0,37909000000.0,-10361000000.0,62335000000.0,57511000000.0,23059000000.0,21577000000.0,-1482000000.0,-4634000000.0,-18316000000.0,-18963000000.0,708000000.0,4804000000.0,24987000000.0,19763000000.0,897000000.0,1220000000.0,152000000.0,20058000000.0,-15172000000.0,3924000000.0,0.0,9,28,3,0,0,0,
2026-07-31 16:30:00+00:00,365.1700134277,365.3099975586,365.049987793,365.25,24389,0.0,0.0,V,维萨,Visa Inc.,USD,16,30,V,358.84,669971251200,30.513605,23.960524,0.759,0.74,2.68,0.22129999,293.89,373.97,34100,18.87,19.016428,0.50782,0.1911,0.6119,23.398,13792000000,23857999872,44487999488,31093999616,0.97725,0.66130996,67.821,0.627,0.985,0.90352,0.00086000003,2.58,1704112694,1703359277,416.20026,450.0,330.0,1.375,37,40000000000.0,7855000000.0,32145000000.0,26556000000.0,20058000000.0,10.2,10.22,0,4369000000.0,4136000000.0,24194000000.0,26003000000.0,0,27776000000.0,21527903033.81004,1220000000.0,2194000000.0,1942000000.0,99627000000.0,61718000000.0,37909000000.0,25171000000.0,8007000000.0,17164000000.0,18997000000.0,0,3126000000.0,4236000000.0,10106000000.0,-5870000000.0,19879000000.0,0,19602000000.0,35048000000.0,37766000000.0,2718000000.0,15106000000.0,0.0,745000000.0,37909000000.0,-10361000000.0,62335000000.0,57511000000.0,23059000000.0,21577000000.0,-1482000000.0,-4634000000.0,-18316000000.0,-18963000000.0,708000000.0,4804000000.0,24987000000.0,19763000000.0,897000000.0,1220000000.0,152000000.0,20058000000.0,-15172000000.0,3924000000.0,0.0,9,28,3,0,0,0,
2026-07-31 16:35:00+00:00,365.2699890137,365.2850036621,364.6449890137,365.1199951172,37447,0.0,0.0,V,维萨,Visa Inc.,USD,16,35,V,358.84,669971251200,30.513605,23.960524,0.759,0.74,2.68,0.22129999,293.89,373.97,34100,18.87,19.016428,0.50782,0.1911,0.6119,23.398,13792000000,23857999872,44487999488,31093999616,0.97725,0.66130996,67.821,0.627,0.985,0.90352,0.00086000003,2.58,1704112694,1703359277,416.20026,450.0,330.0,1.375,37,40000000000.0,7855000000.0,32145000000.0,26556000000.0,20058000000.0,10.2,10.22,0,4369000000.0,4136000000.0,24194000000.0,26003000000.0,0,27776000000.0,21527903033.81004,1220000000.0,2194000000.0,1942000000.0,99627000000.0,61718000000.0,37909000000.0,25171000000.0,8007000000.0,17164000000.0,18997000000.0,0,3126000000.0,4236000000.0,10106000000.0,-5870000000.0,19879000000.0,0,19602000000.0,35048000000.0,37766000000.0,2718000000.0,15106000000.0,0.0,745000000.0,37909000000.0,-10361000000.0,62335000000.0,57511000000.0,23059000000.0,21577000000.0,-1482000000.0,-4634000000.0,-18316000000.0,-18963000000.0,708000000.0,4804000000.0,24987000000.0,19763000000.0,897000000.0,1220000000.0,152000000.0,20058000000.0,-15172000000.0,3924000000.0,0.0,9,28,3,0,0,0,
2026-07-31 16:40:00+00:00,365.1199951172,365.6199951172,365.1199951172,365.5799865723,33956,0.0,0.0,V,维萨,Visa Inc.,USD,16,40,V,358.84,669971251200,30.513605,23.960524,0.759,0.74,2.68,0.22129999,293.89,373.97,34100,18.87,19.016428,0.50782,0.1911,0.6119,23.398,13792000000,23857999872,44487999488,31093999616,0.97725,0.66130996,67.821,0.627,0.985,0.90352,0.00086000003,2.58,1704112694,1703359277,416.20026,450.0,330.0,1.375,37,40000000000.0,7855000000.0,32145000000.0,26556000000.0,20058000000.0,10.2,10.22,0,4369000000.0,4136000000.0,24194000000.0,26003000000.0,0,27776000000.0,21527903033.81004,1220000000.0,2194000000.0,1942000000.0,99627000000.0,61718000000.0,37909000000.0,25171000000.0,8007000000.0,17164000000.0,18997000000.0,0,3126000000.0,4236000000.0,10106000000.0,-5870000000.0,19879000000.0,0,19602000000.0,35048000000.0,37766000000.0,2718000000.0,15106000000.0,0.0,745000000.0,37909000000.0,-10361000000.0,62335000000.0,57511000000.0,23059000000.0,21577000000.0,-1482000000.0,-4634000000.0,-18316000000.0,-18963000000.0,708000000.0,4804000000.0,24987000000.0,19763000000.0,897000000.0,1220000000.0,152000000.0,20058000000.0,-15172000000.0,3924000000.0,0.0,9,28,3,0,0,0,
2026-07-31 16:45:00+00:00,365.5899963379,365.9800109863,365.4299926758,365.7950134277,50583,0.0,0.0,V,维萨,Visa Inc.,USD,16,45,V,358.84,669971251200,30.513605,23.960524,0.759,0.74,2.68,0.22129999,293.89,373.97,34100,18.87,19.016428,0.50782,0.1911,0.6119,23.398,13792000000,23857999872,44487999488,31093999616,0.97725,0.66130996,67.821,0.627,0.985,0.90352,0.00086000003,2.58,1704112694,1703359277,416.20026,450.0,330.0,1.375,37,40000000000.0,7855000000.0,32145000000.0,26556000000.0,20058000000.0,10.2,10.22,0,4369000000.0,4136000000.0,24194000000.0,26003000000.0,0,27776000000.0,21527903033.81004,1220000000.0,2194000000.0,1942000000.0,99627000000.0,61718000000.0,37909000000.0,25171000000.0,8007000000.0,17164000000.0,18997000000.0,0,3126000000.0,4236000000.0,10106000000.0,-5870000000.0,19879000000.0,0,19602000000.0,35048000000.0,37766000000.0,2718000000.0,15106000000.0,0.0,745000000.0,37909000000.0,-10361000000.0,62335000000.0,57511000000.0,23059000000.0,21577000000.0,-1482000000.0,-4634000000.0,-18316000000.0,-18963000000.0,708000000.0,4804000000.0,24987000000.0,19763000000.0,897000000.0,1220000000.0,152000000.0,20058000000.0,-15172000000.0,3924000000.0,0.0,9,28,3,0,0,0,
2026-07-31 16:50:00+00:00,365.7850036621,365.950012207,365.6199951172,365.6449890137,40331,0.0,0.0,V,维萨,Visa Inc.,USD,16,50,V,358.84,669971251200,30.513605,23.960524,0.759,0.74,2.68,0.22129999,293.89,373.97,34100,18.87,19.016428,0.50782,0.1911,0.6119,23.398,13792000000,23857999872,44487999488,31093999616,0.97725,0.66130996,67.821,0.627,0.985,0.90352,0.00086000003,2.58,1704112694,1703359277,416.20026,450.0,330.0,1.375,37,40000000000.0,7855000000.0,32145000000.0,26556000000.0,20058000000.0,10.2,10.22,0,4369000000.0,4136000000.0,24194000000.0,26003000000.0,0,27776000000.0,21527903033.81004,1220000000.0,2194000000.0,1942000000.0,99627000000.0,61718000000.0,37909000000.0,25171000000.0,8007000000.0,17164000000.0,18997000000.0,0,3126000000.0,4236000000.0,10106000000.0,-5870000000.0,19879000000.0,0,19602000000.0,35048000000.0,37766000000.0,2718000000.0,15106000000.0,0.0,745000000.0,37909000000.0,-10361000000.0,62335000000.0,57511000000.0,23059000000.0,21577000000.0,-1482000000.0,-4634000000.0,-18316000000.0,-18963000000.0,708000000.0,4804000000.0,24987000000.0,19763000000.0,897000000.0,1220000000.0,152000000.0,20058000000.0,-15172000000.0,3924000000.0,0.0,9,28,3,0,0,0,
2026-07-31 16:55:00+00:00,365.6449890137,365.9849853516,365.5197143555,365.8399963379,42552,0.0,0.0,V,维萨,Visa Inc.,USD,16,55,V,358.84,669971251200,30.513605,23.960524,0.759,0.74,2.68,0.22129999,293.89,373.97,34100,18.87,19.016428,0.50782,0.1911,0.6119,23.398,13792000000,23857999872,44487999488,31093999616,0.97725,0.66130996,67.821,0.627,0.985,0.90352,0.00086000003,2.58,1704112694,1703359277,416.20026,450.0,330.0,1.375,37,40000000000.0,7855000000.0,32145000000.0,26556000000.0,20058000000.0,10.2,10.22,0,4369000000.0,4136000000.0,24194000000.0,26003000000.0,0,27776000000.0,21527903033.81004,1220000000.0,2194000000.0,1942000000.0,99627000000.0,61718000000.0,37909000000.0,25171000000.0,8007000000.0,17164000000.0,18997000000.0,0,3126000000.0,4236000000.0,10106000000.0,-5870000000.0,19879000000.0,0,19602000000.0,35048000000.0,37766000000.0,2718000000.0,15106000000.0,0.0,745000000.0,37909000000.0,-10361000000.0,62335000000.0,57511000000.0,23059000000.0,21577000000.0,-1482000000.0,-4634000000.0,-18316000000.0,-18963000000.0,708000000.0,4804000000.0,24987000000.0,19763000000.0,897000000.0,1220000000.0,152000000.0,20058000000.0,-15172000000.0,3924000000.0,0.0,9,28,3,0,0,0,
2026-07-31 17:00:00+00:00,365.8374938965,365.8374938965,365.3200073242,365.3599853516,36920,0.0,0.0,V,维萨,Visa Inc.,USD,17,0,V,358.84,669971251200,30.513605,23.960524,0.759,0.74,2.68,0.22129999,293.89,373.97,34100,18.87,19.016428,0.50782,0.1911,0.6119,23.398,13792000000,23857999872,44487999488,31093999616,0.97725,0.66130996,67.821,0.627,0.985,0.90352,0.00086000003,2.58,1704112694,1703359277,416.20026,450.0,330.0,1.375,37,40000000000.0,7855000000.0,32145000000.0,26556000000.0,20058000000.0,10.2,10.22,0,4369000000.0,4136000000.0,24194000000.0,26003000000.0,0,27776000000.0,21527903033.81004,1220000000.0,2194000000.0,1942000000.0,99627000000.0,61718000000.0,37909000000.0,25171000000.0,8007000000.0,17164000000.0,18997000000.0,0,3126000000.0,4236000000.0,10106000000.0,-5870000000.0,19879000000.0,0,19602000000.0,35048000000.0,37766000000.0,2718000000.0,15106000000.0,0.0,745000000.0,37909000000.0,-10361000000.0,62335000000.0,57511000000.0,23059000000.0,21577000000.0,-1482000000.0,-4634000000.0,-18316000000.0,-18963000000.0,708000000.0,4804000000.0,24987000000.0,19763000000.0,897000000.0,1220000000.0,152000000.0,20058000000.0,-15172000000.0,3924000000.0,0.0,9,28,3,0,0,0,
2026-07-31 17:05:00+00:00,365.3649902344,365.7600097656,365.1700134277,365.6149902344,34355,0.0,0.0,V,维萨,Visa Inc.,USD,17,5,V,358.84,669971251200,30.513605,23.960524,0.759,0.74,2.68,0.22129999,293.89,373.97,34100,18.87,19.016428,0.50782,0.1911,0.6119,23.398,13792000000,23857999872,44487999488,31093999616,0.97725,0.66130996,67.821,0.627,0.985,0.90352,0.00086000003,2.58,1704112694,1703359277,416.20026,450.0,330.0,1.375,37,40000000000.0,7855000000.0,32145000000.0,26556000000.0,20058000000.0,10.2,10.22,0,4369000000.0,4136000000.0,24194000000.0,26003000000.0,0,27776000000.0,21527903033.81004,1220000000.0,2194000000.0,1942000000.0,99627000000.0,61718000000.0,37909000000.0,25171000000.0,8007000000.0,17164000000.0,18997000000.0,0,3126000000.0,4236000000.0,10106000000.0,-5870000000.0,19879000000.0,0,19602000000.0,35048000000.0,37766000000.0,2718000000.0,15106000000.0,0.0,745000000.0,37909000000.0,-10361000000.0,62335000000.0,57511000000.0,23059000000.0,21577000000.0,-1482000000.0,-4634000000.0,-18316000000.0,-18963000000.0,708000000.0,4804000000.0,24987000000.0,19763000000.0,897000000.0,1220000000.0,152000000.0,20058000000.0,-15172000000.0,3924000000.0,0.0,9,28,3,0,0,0,
2026-07-31 17:10:00+00:00,365.6199951172,365.9899902344,365.6199951172,365.9349975586,22249,0.0,0.0,V,维萨,Visa Inc.,USD,17,10,V,358.84,669971251200,30.513605,23.960524,0.759,0.74,2.68,0.22129999,293.89,373.97,34100,18.87,19.016428,0.50782,0.1911,0.6119,23.398,13792000000,23857999872,44487999488,31093999616,0.97725,0.66130996,67.821,0.627,0.985,0.90352,0.00086000003,2.58,1704112694,1703359277,416.20026,450.0,330.0,1.375,37,40000000000.0,7855000000.0,32145000000.0,26556000000.0,20058000000.0,10.2,10.22,0,4369000000.0,4136000000.0,24194000000.0,26003000000.0,0,27776000000.0,21527903033.81004,1220000000.0,2194000000.0,1942000000.0,99627000000.0,61718000000.0,37909000000.0,25171000000.0,8007000000.0,17164000000.0,18997000000.0,0,3126000000.0,4236000000.0,10106000000.0,-5870000000.0,19879000000.0,0,19602000000.0,35048000000.0,37766000000.0,2718000000.0,15106000000.0,0.0,745000000.0,37909000000.0,-10361000000.0,62335000000.0,57511000000.0,23059000000.0,21577000000.0,-1482000000.0,-4634000000.0,-18316000000.0,-18963000000.0,708000000.0,4804000000.0,24987000000.0,19763000000.0,897000000.0,1220000000.0,152000000.0,20058000000.0,-15172000000.0,3924000000.0,0.0,9,28,3,0,0,0,
2026-07-31 17:15:00+00:00,365.9899902344,366.0299987793,365.7200012207,365.9649963379,28809,0.0,0.0,V,维萨,Visa Inc.,USD,17,15,V,358.84,669971251200,30.513605,23.960524,0.759,0.74,2.68,0.22129999,293.89,373.97,34100,18.87,19.016428,0.50782,0.1911,0.6119,23.398,13792000000,23857999872,44487999488,31093999616,0.97725,0.66130996,67.821,0.627,0.985,0.90352,0.00086000003,2.58,1704112694,1703359277,416.20026,450.0,330.0,1.375,37,40000000000.0,7855000000.0,32145000000.0,26556000000.0,20058000000.0,10.2,10.22,0,4369000000.0,4136000000.0,24194000000.0,26003000000.0,0,27776000000.0,21527903033.81004,1220000000.0,2194000000.0,1942000000.0,99627000000.0,61718000000.0,37909000000.0,25171000000.0,8007000000.0,17164000000.0,18997000000.0,0,3126000000.0,4236000000.0,10106000000.0,-5870000000.0,19879000000.0,0,19602000000.0,35048000000.0,37766000000.0,2718000000.0,15106000000.0,0.0,745000000.0,37909000000.0,-10361000000.0,62335000000.0,57511000000.0,23059000000.0,21577000000.0,-1482000000.0,-4634000000.0,-18316000000.0,-18963000000.0,708000000.0,4804000000.0,24987000000.0,19763000000.0,897000000.0,1220000000.0,152000000.0,20058000000.0,-15172000000.0,3924000000.0,0.0,9,28,3,0,0,0,
2026-07-31 17:20:00+00:00,365.9649963379,366.0299987793,365.5599975586,365.75,59263,0.0,0.0,V,维萨,Visa Inc.,USD,17,20,V,358.84,669971251200,30.513605,23.960524,0.759,0.74,2.68,0.22129999,293.89,373.97,34100,18.87,19.016428,0.50782,0.1911,0.6119,23.398,13792000000,23857999872,44487999488,31093999616,0.97725,0.66130996,67.821,0.627,0.985,0.90352,0.00086000003,2.58,1704112694,1703359277,416.20026,450.0,330.0,1.375,37,40000000000.0,7855000000.0,32145000000.0,26556000000.0,20058000000.0,10.2,10.22,0,4369000000.0,4136000000.0,24194000000.0,26003000000.0,0,27776000000.0,21527903033.81004,1220000000.0,2194000000.0,1942000000.0,99627000000.0,61718000000.0,37909000000.0,25171000000.0,8007000000.0,17164000000.0,18997000000.0,0,3126000000.0,4236000000.0,10106000000.0,-5870000000.0,19879000000.0,0,19602000000.0,35048000000.0,37766000000.0,2718000000.0,15106000000.0,0.0,745000000.0,37909000000.0,-10361000000.0,62335000000.0,57511000000.0,23059000000.0,21577000000.0,-1482000000.0,-4634000000.0,-18316000000.0,-18963000000.0,708000000.0,4804000000.0,24987000000.0,19763000000.0,897000000.0,1220000000.0,152000000.0,20058000000.0,-15172000000.0,3924000000.0,0.0,9,28,3,0,0,0,
2026-07-31 17:25:00+00:00,365.75,365.8800048828,365.6499938965,365.8500061035,27430,0.0,0.0,V,维萨,Visa Inc.,USD,17,25,V,358.84,669971251200,30.513605,23.960524,0.759,0.74,2.68,0.22129999,293.89,373.97,34100,18.87,19.016428,0.50782,0.1911,0.6119,23.398,13792000000,23857999872,44487999488,31093999616,0.97725,0.66130996,67.821,0.627,0.985,0.90352,0.00086000003,2.58,1704112694,1703359277,416.20026,450.0,330.0,1.375,37,40000000000.0,7855000000.0,32145000000.0,26556000000.0,20058000000.0,10.2,10.22,0,4369000000.0,4136000000.0,24194000000.0,26003000000.0,0,27776000000.0,21527903033.81004,1220000000.0,2194000000.0,1942000000.0,99627000000.0,61718000000.0,37909000000.0,25171000000.0,8007000000.0,17164000000.0,18997000000.0,0,3126000000.0,4236000000.0,10106000000.0,-5870000000.0,19879000000.0,0,19602000000.0,35048000000.0,37766000000.0,2718000000.0,15106000000.0,0.0,745000000.0,37909000000.0,-10361000000.0,62335000000.0,57511000000.0,23059000000.0,21577000000.0,-1482000000.0,-4634000000.0,-18316000000.0,-18963000000.0,708000000.0,4804000000.0,24987000000.0,19763000000.0,897000000.0,1220000000.0,152000000.0,20058000000.0,-15172000000.0,3924000000.0,0.0,9,28,3,0,0,0,
2026-07-31 17:30:00+00:00,365.8399963379,365.9200134277,365.7099914551,365.7799987793,27421,0.0,0.0,V,维萨,Visa Inc.,USD,17,30,V,358.84,669971251200,30.513605,23.960524,0.759,0.74,2.68,0.22129999,293.89,373.97,34100,18.87,19.016428,0.50782,0.1911,0.6119,23.398,13792000000,23857999872,44487999488,31093999616,0.97725,0.66130996,67.821,0.627,0.985,0.90352,0.00086000003,2.58,1704112694,1703359277,416.20026,450.0,330.0,1.375,37,40000000000.0,7855000000.0,32145000000.0,26556000000.0,20058000000.0,10.2,10.22,0,4369000000.0,4136000000.0,24194000000.0,26003000000.0,0,27776000000.0,21527903033.81004,1220000000.0,2194000000.0,1942000000.0,99627000000.0,61718000000.0,37909000000.0,25171000000.0,8007000000.0,17164000000.0,18997000000.0,0,3126000000.0,4236000000.0,10106000000.0,-5870000000.0,19879000000.0,0,19602000000.0,35048000000.0,37766000000.0,2718000000.0,15106000000.0,0.0,745000000.0,37909000000.0,-10361000000.0,62335000000.0,57511000000.0,23059000000.0,21577000000.0,-1482000000.0,-4634000000.0,-18316000000.0,-18963000000.0,708000000.0,4804000000.0,24987000000.0,19763000000.0,897000000.0,1220000000.0,152000000.0,20058000000.0,-15172000000.0,3924000000.0,0.0,9,28,3,0,0,0,
2026-07-31 17:35:00+00:00,365.7799987793,365.7898864746,365.325012207,365.6000061035,38200,0.0,0.0,V,维萨,Visa Inc.,USD,17,35,V,358.84,669971251200,30.513605,23.960524,0.759,0.74,2.68,0.22129999,293.89,373.97,34100,18.87,19.016428,0.50782,0.1911,0.6119,23.398,13792000000,23857999872,44487999488,31093999616,0.97725,0.66130996,67.821,0.627,0.985,0.90352,0.00086000003,2.58,1704112694,1703359277,416.20026,450.0,330.0,1.375,37,40000000000.0,7855000000.0,32145000000.0,26556000000.0,20058000000.0,10.2,10.22,0,4369000000.0,4136000000.0,24194000000.0,26003000000.0,0,27776000000.0,21527903033.81004,1220000000.0,2194000000.0,1942000000.0,99627000000.0,61718000000.0,37909000000.0,25171000000.0,8007000000.0,17164000000.0,18997000000.0,0,3126000000.0,4236000000.0,10106000000.0,-5870000000.0,19879000000.0,0,19602000000.0,35048000000.0,37766000000.0,2718000000.0,15106000000.0,0.0,745000000.0,37909000000.0,-10361000000.0,62335000000.0,57511000000.0,23059000000.0,21577000000.0,-1482000000.0,-4634000000.0,-18316000000.0,-18963000000.0,708000000.0,4804000000.0,24987000000.0,19763000000.0,897000000.0,1220000000.0,152000000.0,20058000000.0,-15172000000.0,3924000000.0,0.0,9,28,3,0,0,0,
2026-07-31 17:40:00+00:00,365.5899963379,365.6350097656,365.0400085449,365.2388916016,25046,0.0,0.0,V,维萨,Visa Inc.,USD,17,40,V,358.84,669971251200,30.513605,23.960524,0.759,0.74,2.68,0.22129999,293.89,373.97,34100,18.87,19.016428,0.50782,0.1911,0.6119,23.398,13792000000,23857999872,44487999488,31093999616,0.97725,0.66130996,67.821,0.627,0.985,0.90352,0.00086000003,2.58,1704112694,1703359277,416.20026,450.0,330.0,1.375,37,40000000000.0,7855000000.0,32145000000.0,26556000000.0,20058000000.0,10.2,10.22,0,4369000000.0,4136000000.0,24194000000.0,26003000000.0,0,27776000000.0,21527903033.81004,1220000000.0,2194000000.0,1942000000.0,99627000000.0,61718000000.0,37909000000.0,25171000000.0,8007000000.0,17164000000.0,18997000000.0,0,3126000000.0,4236000000.0,10106000000.0,-5870000000.0,19879000000.0,0,19602000000.0,35048000000.0,37766000000.0,2718000000.0,15106000000.0,0.0,745000000.0,37909000000.0,-10361000000.0,62335000000.0,57511000000.0,23059000000.0,21577000000.0,-1482000000.0,-4634000000.0,-18316000000.0,-18963000000.0,708000000.0,4804000000.0,24987000000.0,19763000000.0,897000000.0,1220000000.0,152000000.0,20058000000.0,-15172000000.0,3924000000.0,0.0,9,28,3,0,0,0,
2026-07-31 17:45:00+00:00,365.200012207,365.4880065918,365.0899963379,365.3800048828,23440,0.0,0.0,V,维萨,Visa Inc.,USD,17,45,V,358.84,669971251200,30.513605,23.960524,0.759,0.74,2.68,0.22129999,293.89,373.97,34100,18.87,19.016428,0.50782,0.1911,0.6119,23.398,13792000000,23857999872,44487999488,31093999616,0.97725,0.66130996,67.821,0.627,0.985,0.90352,0.00086000003,2.58,1704112694,1703359277,416.20026,450.0,330.0,1.375,37,40000000000.0,7855000000.0,32145000000.0,26556000000.0,20058000000.0,10.2,10.22,0,4369000000.0,4136000000.0,24194000000.0,26003000000.0,0,27776000000.0,21527903033.81004,1220000000.0,2194000000.0,1942000000.0,99627000000.0,61718000000.0,37909000000.0,25171000000.0,8007000000.0,17164000000.0,18997000000.0,0,3126000000.0,4236000000.0,10106000000.0,-5870000000.0,19879000000.0,0,19602000000.0,35048000000.0,37766000000.0,2718000000.0,15106000000.0,0.0,745000000.0,37909000000.0,-10361000000.0,62335000000.0,57511000000.0,23059000000.0,21577000000.0,-1482000000.0,-4634000000.0,-18316000000.0,-18963000000.0,708000000.0,4804000000.0,24987000000.0,19763000000.0,897000000.0,1220000000.0,152000000.0,20058000000.0,-15172000000.0,3924000000.0,0.0,9,28,3,0,0,0,
2026-07-31 17:50:00+00:00,365.3851013184,365.5498962402,365.2600097656,365.3049926758,28319,0.0,0.0,V,维萨,Visa Inc.,USD,17,50,V,358.84,669971251200,30.513605,23.960524,0.759,0.74,2.68,0.22129999,293.89,373.97,34100,18.87,19.016428,0.50782,0.1911,0.6119,23.398,13792000000,23857999872,44487999488,31093999616,0.97725,0.66130996,67.821,0.627,0.985,0.90352,0.00086000003,2.58,1704112694,1703359277,416.20026,450.0,330.0,1.375,37,40000000000.0,7855000000.0,32145000000.0,26556000000.0,20058000000.0,10.2,10.22,0,4369000000.0,4136000000.0,24194000000.0,26003000000.0,0,27776000000.0,21527903033.81004,1220000000.0,2194000000.0,1942000000.0,99627000000.0,61718000000.0,37909000000.0,25171000000.0,8007000000.0,17164000000.0,18997000000.0,0,3126000000.0,4236000000.0,10106000000.0,-5870000000.0,19879000000.0,0,19602000000.0,35048000000.0,37766000000.0,2718000000.0,15106000000.0,0.0,745000000.0,37909000000.0,-10361000000.0,62335000000.0,57511000000.0,23059000000.0,21577000000.0,-1482000000.0,-4634000000.0,-18316000000.0,-18963000000.0,708000000.0,4804000000.0,24987000000.0,19763000000.0,897000000.0,1220000000.0,152000000.0,20058000000.0,-15172000000.0,3924000000.0,0.0,9,28,3,0,0,0,
2026-07-31 17:55:00+00:00,365.3349914551,365.5433044434,365.0100097656,365.5050048828,28528,0.0,0.0,V,维萨,Visa Inc.,USD,17,55,V,358.84,669971251200,30.513605,23.960524,0.759,0.74,2.68,0.22129999,293.89,373.97,34100,18.87,19.016428,0.50782,0.1911,0.6119,23.398,13792000000,23857999872,44487999488,31093999616,0.97725,0.66130996,67.821,0.627,0.985,0.90352,0.00086000003,2.58,1704112694,1703359277,416.20026,450.0,330.0,1.375,37,40000000000.0,7855000000.0,32145000000.0,26556000000.0,20058000000.0,10.2,10.22,0,4369000000.0,4136000000.0,24194000000.0,26003000000.0,0,27776000000.0,21527903033.81004,1220000000.0,2194000000.0,1942000000.0,99627000000.0,61718000000.0,37909000000.0,25171000000.0,8007000000.0,17164000000.0,18997000000.0,0,3126000000.0,4236000000.0,10106000000.0,-5870000000.0,19879000000.0,0,19602000000.0,35048000000.0,37766000000.0,2718000000.0,15106000000.0,0.0,745000000.0,37909000000.0,-10361000000.0,62335000000.0,57511000000.0,23059000000.0,21577000000.0,-1482000000.0,-4634000000.0,-18316000000.0,-18963000000.0,708000000.0,4804000000.0,24987000000.0,19763000000.0,897000000.0,1220000000.0,152000000.0,20058000000.0,-15172000000.0,3924000000.0,0.0,9,28,3,0,0,0,
2026-07-31 18:00:00+00:00,365.4400024414,365.6199951172,365.3599853516,365.5199890137,40581,0.0,0.0,V,维萨,Visa Inc.,USD,18,0,V,358.84,669971251200,30.513605,23.960524,0.759,0.74,2.68,0.22129999,293.89,373.97,34100,18.87,19.016428,0.50782,0.1911,0.6119,23.398,13792000000,23857999872,44487999488,31093999616,0.97725,0.66130996,67.821,0.627,0.985,0.90352,0.00086000003,2.58,1704112694,1703359277,416.20026,450.0,330.0,1.375,37,40000000000.0,7855000000.0,32145000000.0,26556000000.0,20058000000.0,10.2,10.22,0,4369000000.0,4136000000.0,24194000000.0,26003000000.0,0,27776000000.0,21527903033.81004,1220000000.0,2194000000.0,1942000000.0,99627000000.0,61718000000.0,37909000000.0,25171000000.0,8007000000.0,17164000000.0,18997000000.0,0,3126000000.0,4236000000.0,10106000000.0,-5870000000.0,19879000000.0,0,19602000000.0,35048000000.0,37766000000.0,2718000000.0,15106000000.0,0.0,745000000.0,37909000000.0,-10361000000.0,62335000000.0,57511000000.0,23059000000.0,21577000000.0,-1482000000.0,-4634000000.0,-18316000000.0,-18963000000.0,708000000.0,4804000000.0,24987000000.0,19763000000.0,897000000.0,1220000000.0,152000000.0,20058000000.0,-15172000000.0,3924000000.0,0.0,9,28,3,0,0,0,
2026-07-31 18:05:00+00:00,365.5199890137,366.049987793,365.4599914551,365.9400024414,47738,0.0,0.0,V,维萨,Visa Inc.,USD,18,5,V,358.84,669971251200,30.513605,23.960524,0.759,0.74,2.68,0.22129999,293.89,373.97,34100,18.87,19.016428,0.50782,0.1911,0.6119,23.398,13792000000,23857999872,44487999488,31093999616,0.97725,0.66130996,67.821,0.627,0.985,0.90352,0.00086000003,2.58,1704112694,1703359277,416.20026,450.0,330.0,1.375,37,40000000000.0,7855000000.0,32145000000.0,26556000000.0,20058000000.0,10.2,10.22,0,4369000000.0,4136000000.0,24194000000.0,26003000000.0,0,27776000000.0,21527903033.81004,1220000000.0,2194000000.0,1942000000.0,99627000000.0,61718000000.0,37909000000.0,25171000000.0,8007000000.0,17164000000.0,18997000000.0,0,3126000000.0,4236000000.0,10106000000.0,-5870000000.0,19879000000.0,0,19602000000.0,35048000000.0,37766000000.0,2718000000.0,15106000000.0,0.0,745000000.0,37909000000.0,-10361000000.0,62335000000.0,57511000000.0,23059000000.0,21577000000.0,-1482000000.0,-4634000000.0,-18316000000.0,-18963000000.0,708000000.0,4804000000.0,24987000000.0,19763000000.0,897000000.0,1220000000.0,152000000.0,20058000000.0,-15172000000.0,3924000000.0,0.0,9,28,3,0,0,0,
2026-07-31 18:10:00+00:00,365.9849853516,366.3500061035,365.9800109863,366.1400146484,33378,0.0,0.0,V,维萨,Visa Inc.,USD,18,10,V,358.84,669971251200,30.513605,23.960524,0.759,0.74,2.68,0.22129999,293.89,373.97,34100,18.87,19.016428,0.50782,0.1911,0.6119,23.398,13792000000,23857999872,44487999488,31093999616,0.97725,0.66130996,67.821,0.627,0.985,0.90352,0.00086000003,2.58,1704112694,1703359277,416.20026,450.0,330.0,1.375,37,40000000000.0,7855000000.0,32145000000.0,26556000000.0,20058000000.0,10.2,10.22,0,4369000000.0,4136000000.0,24194000000.0,26003000000.0,0,27776000000.0,21527903033.81004,1220000000.0,2194000000.0,1942000000.0,99627000000.0,61718000000.0,37909000000.0,25171000000.0,8007000000.0,17164000000.0,18997000000.0,0,3126000000.0,4236000000.0,10106000000.0,-5870000000.0,19879000000.0,0,19602000000.0,35048000000.0,37766000000.0,2718000000.0,15106000000.0,0.0,745000000.0,37909000000.0,-10361000000.0,62335000000.0,57511000000.0,23059000000.0,21577000000.0,-1482000000.0,-4634000000.0,-18316000000.0,-18963000000.0,708000000.0,4804000000.0,24987000000.0,19763000000.0,897000000.0,1220000000.0,152000000.0,20058000000.0,-15172000000.0,3924000000.0,0.0,9,28,3,0,0,0,
2026-07-31 18:15:00+00:00,366.200012207,366.2399902344,365.9899902344,366.1400146484,41187,0.0,0.0,V,维萨,Visa Inc.,USD,18,15,V,358.84,669971251200,30.513605,23.960524,0.759,0.74,2.68,0.22129999,293.89,373.97,34100,18.87,19.016428,0.50782,0.1911,0.6119,23.398,13792000000,23857999872,44487999488,31093999616,0.97725,0.66130996,67.821,0.627,0.985,0.90352,0.00086000003,2.58,1704112694,1703359277,416.20026,450.0,330.0,1.375,37,40000000000.0,7855000000.0,32145000000.0,26556000000.0,20058000000.0,10.2,10.22,0,4369000000.0,4136000000.0,24194000000.0,26003000000.0,0,27776000000.0,21527903033.81004,1220000000.0,2194000000.0,1942000000.0,99627000000.0,61718000000.0,37909000000.0,25171000000.0,8007000000.0,17164000000.0,18997000000.0,0,3126000000.0,4236000000.0,10106000000.0,-5870000000.0,19879000000.0,0,19602000000.0,35048000000.0,37766000000.0,2718000000.0,15106000000.0,0.0,745000000.0,37909000000.0,-10361000000.0,62335000000.0,57511000000.0,23059000000.0,21577000000.0,-1482000000.0,-4634000000.0,-18316000000.0,-18963000000.0,708000000.0,4804000000.0,24987000000.0,19763000000.0,897000000.0,1220000000.0,152000000.0,20058000000.0,-15172000000.0,3924000000.0,0.0,9,28,3,0,0,0,
2026-07-31 18:20:00+00:00,366.1499938965,366.5799865723,366.1499938965,366.5100097656,54879,0.0,0.0,V,维萨,Visa Inc.,USD,18,20,V,358.84,669971251200,30.513605,23.960524,0.759,0.74,2.68,0.22129999,293.89,373.97,34100,18.87,19.016428,0.50782,0.1911,0.6119,23.398,13792000000,23857999872,44487999488,31093999616,0.97725,0.66130996,67.821,0.627,0.985,0.90352,0.00086000003,2.58,1704112694,1703359277,416.20026,450.0,330.0,1.375,37,40000000000.0,7855000000.0,32145000000.0,26556000000.0,20058000000.0,10.2,10.22,0,4369000000.0,4136000000.0,24194000000.0,26003000000.0,0,27776000000.0,21527903033.81004,1220000000.0,2194000000.0,1942000000.0,99627000000.0,61718000000.0,37909000000.0,25171000000.0,8007000000.0,17164000000.0,18997000000.0,0,3126000000.0,4236000000.0,10106000000.0,-5870000000.0,19879000000.0,0,19602000000.0,35048000000.0,37766000000.0,2718000000.0,15106000000.0,0.0,745000000.0,37909000000.0,-10361000000.0,62335000000.0,57511000000.0,23059000000.0,21577000000.0,-1482000000.0,-4634000000.0,-18316000000.0,-18963000000.0,708000000.0,4804000000.0,24987000000.0,19763000000.0,897000000.0,1220000000.0,152000000.0,20058000000.0,-15172000000.0,3924000000.0,0.0,9,28,3,0,0,0,
2026-07-31 18:25:00+00:00,366.5,366.8800048828,366.4700012207,366.7399902344,39168,0.0,0.0,V,维萨,Visa Inc.,USD,18,25,V,358.84,669971251200,30.513605,23.960524,0.759,0.74,2.68,0.22129999,293.89,373.97,34100,18.87,19.016428,0.50782,0.1911,0.6119,23.398,13792000000,23857999872,44487999488,31093999616,0.97725,0.66130996,67.821,0.627,0.985,0.90352,0.00086000003,2.58,1704112694,1703359277,416.20026,450.0,330.0,1.375,37,40000000000.0,7855000000.0,32145000000.0,26556000000.0,20058000000.0,10.2,10.22,0,4369000000.0,4136000000.0,24194000000.0,26003000000.0,0,27776000000.0,21527903033.81004,1220000000.0,2194000000.0,1942000000.0,99627000000.0,61718000000.0,37909000000.0,25171000000.0,8007000000.0,17164000000.0,18997000000.0,0,3126000000.0,4236000000.0,10106000000.0,-5870000000.0,19879000000.0,0,19602000000.0,35048000000.0,37766000000.0,2718000000.0,15106000000.0,0.0,745000000.0,37909000000.0,-10361000000.0,62335000000.0,57511000000.0,23059000000.0,21577000000.0,-1482000000.0,-4634000000.0,-18316000000.0,-18963000000.0,708000000.0,4804000000.0,24987000000.0,19763000000.0,897000000.0,1220000000.0,152000000.0,20058000000.0,-15172000000.0,3924000000.0,0.0,9,28,3,0,0,0,
2026-07-31 18:30:00+00:00,366.6600036621,366.75,366.2716064453,366.3500061035,32652,0.0,0.0,V,维萨,Visa Inc.,USD,18,30,V,358.84,669971251200,30.513605,23.960524,0.759,0.74,2.68,0.22129999,293.89,373.97,34100,18.87,19.016428,0.50782,0.1911,0.6119,23.398,13792000000,23857999872,44487999488,31093999616,0.97725,0.66130996,67.821,0.627,0.985,0.90352,0.00086000003,2.58,1704112694,1703359277,416.20026,450.0,330.0,1.375,37,40000000000.0,7855000000.0,32145000000.0,26556000000.0,20058000000.0,10.2,10.22,0,4369000000.0,4136000000.0,24194000000.0,26003000000.0,0,27776000000.0,21527903033.81004,1220000000.0,2194000000.0,1942000000.0,99627000000.0,61718000000.0,37909000000.0,25171000000.0,8007000000.0,17164000000.0,18997000000.0,0,3126000000.0,4236000000.0,10106000000.0,-5870000000.0,19879000000.0,0,19602000000.0,35048000000.0,37766000000.0,2718000000.0,15106000000.0,0.0,745000000.0,37909000000.0,-10361000000.0,62335000000.0,57511000000.0,23059000000.0,21577000000.0,-1482000000.0,-4634000000.0,-18316000000.0,-18963000000.0,708000000.0,4804000000.0,24987000000.0,19763000000.0,897000000.0,1220000000.0,152000000.0,20058000000.0,-15172000000.0,3924000000.0,0.0,9,28,3,0,0,0,
2026-07-31 18:35:00+00:00,366.3699951172,366.6050109863,366.1900024414,366.1900024414,32977,0.0,0.0,V,维萨,Visa Inc.,USD,18,35,V,358.84,669971251200,30.513605,23.960524,0.759,0.74,2.68,0.22129999,293.89,373.97,34100,18.87,19.016428,0.50782,0.1911,0.6119,23.398,13792000000,23857999872,44487999488,31093999616,0.97725,0.66130996,67.821,0.627,0.985,0.90352,0.00086000003,2.58,1704112694,1703359277,416.20026,450.0,330.0,1.375,37,40000000000.0,7855000000.0,32145000000.0,26556000000.0,20058000000.0,10.2,10.22,0,4369000000.0,4136000000.0,24194000000.0,26003000000.0,0,27776000000.0,21527903033.81004,1220000000.0,2194000000.0,1942000000.0,99627000000.0,61718000000.0,37909000000.0,25171000000.0,8007000000.0,17164000000.0,18997000000.0,0,3126000000.0,4236000000.0,10106000000.0,-5870000000.0,19879000000.0,0,19602000000.0,35048000000.0,37766000000.0,2718000000.0,15106000000.0,0.0,745000000.0,37909000000.0,-10361000000.0,62335000000.0,57511000000.0,23059000000.0,21577000000.0,-1482000000.0,-4634000000.0,-18316000000.0,-18963000000.0,708000000.0,4804000000.0,24987000000.0,19763000000.0,897000000.0,1220000000.0,152000000.0,20058000000.0,-15172000000.0,3924000000.0,0.0,9,28,3,0,0,0,
2026-07-31 18:40:00+00:00,366.1950073242,366.4800109863,366.1000061035,366.450012207,25749,0.0,0.0,V,维萨,Visa Inc.,USD,18,40,V,358.84,669971251200,30.513605,23.960524,0.759,0.74,2.68,0.22129999,293.89,373.97,34100,18.87,19.016428,0.50782,0.1911,0.6119,23.398,13792000000,23857999872,44487999488,31093999616,0.97725,0.66130996,67.821,0.627,0.985,0.90352,0.00086000003,2.58,1704112694,1703359277,416.20026,450.0,330.0,1.375,37,40000000000.0,7855000000.0,32145000000.0,26556000000.0,20058000000.0,10.2,10.22,0,4369000000.0,4136000000.0,24194000000.0,26003000000.0,0,27776000000.0,21527903033.81004,1220000000.0,2194000000.0,1942000000.0,99627000000.0,61718000000.0,37909000000.0,25171000000.0,8007000000.0,17164000000.0,18997000000.0,0,3126000000.0,4236000000.0,10106000000.0,-5870000000.0,19879000000.0,0,19602000000.0,35048000000.0,37766000000.0,2718000000.0,15106000000.0,0.0,745000000.0,37909000000.0,-10361000000.0,62335000000.0,57511000000.0,23059000000.0,21577000000.0,-1482000000.0,-4634000000.0,-18316000000.0,-18963000000.0,708000000.0,4804000000.0,24987000000.0,19763000000.0,897000000.0,1220000000.0,152000000.0,20058000000.0,-15172000000.0,3924000000.0,0.0,9,28,3,0,0,0,
2026-07-31 18:45:00+00:00,366.4100036621,366.4100036621,366.1600036621,366.3999938965,26622,0.0,0.0,V,维萨,Visa Inc.,USD,18,45,V,358.84,669971251200,30.513605,23.960524,0.759,0.74,2.68,0.22129999,293.89,373.97,34100,18.87,19.016428,0.50782,0.1911,0.6119,23.398,13792000000,23857999872,44487999488,31093999616,0.97725,0.66130996,67.821,0.627,0.985,0.90352,0.00086000003,2.58,1704112694,1703359277,416.20026,450.0,330.0,1.375,37,40000000000.0,7855000000.0,32145000000.0,26556000000.0,20058000000.0,10.2,10.22,0,4369000000.0,4136000000.0,24194000000.0,26003000000.0,0,27776000000.0,21527903033.81004,1220000000.0,2194000000.0,1942000000.0,99627000000.0,61718000000.0,37909000000.0,25171000000.0,8007000000.0,17164000000.0,18997000000.0,0,3126000000.0,4236000000.0,10106000000.0,-5870000000.0,19879000000.0,0,19602000000.0,35048000000.0,37766000000.0,2718000000.0,15106000000.0,0.0,745000000.0,37909000000.0,-10361000000.0,62335000000.0,57511000000.0,23059000000.0,21577000000.0,-1482000000.0,-4634000000.0,-18316000000.0,-18963000000.0,708000000.0,4804000000.0,24987000000.0,19763000000.0,897000000.0,1220000000.0,152000000.0,20058000000.0,-15172000000.0,3924000000.0,0.0,9,28,3,0,0,0,
2026-07-31 18:50:00+00:00,366.3550109863,366.5400085449,366.25,366.2799987793,21755,0.0,0.0,V,维萨,Visa Inc.,USD,18,50,V,358.84,669971251200,30.513605,23.960524,0.759,0.74,2.68,0.22129999,293.89,373.97,34100,18.87,19.016428,0.50782,0.1911,0.6119,23.398,13792000000,23857999872,44487999488,31093999616,0.97725,0.66130996,67.821,0.627,0.985,0.90352,0.00086000003,2.58,1704112694,1703359277,416.20026,450.0,330.0,1.375,37,40000000000.0,7855000000.0,32145000000.0,26556000000.0,20058000000.0,10.2,10.22,0,4369000000.0,4136000000.0,24194000000.0,26003000000.0,0,27776000000.0,21527903033.81004,1220000000.0,2194000000.0,1942000000.0,99627000000.0,61718000000.0,37909000000.0,25171000000.0,8007000000.0,17164000000.0,18997000000.0,0,3126000000.0,4236000000.0,10106000000.0,-5870000000.0,19879000000.0,0,19602000000.0,35048000000.0,37766000000.0,2718000000.0,15106000000.0,0.0,745000000.0,37909000000.0,-10361000000.0,62335000000.0,57511000000.0,23059000000.0,21577000000.0,-1482000000.0,-4634000000.0,-18316000000.0,-18963000000.0,708000000.0,4804000000.0,24987000000.0,19763000000.0,897000000.0,1220000000.0,152000000.0,20058000000.0,-15172000000.0,3924000000.0,0.0,9,28,3,0,0,0,
2026-07-31 18:55:00+00:00,366.2803344727,366.4800109863,366.2200012207,366.2900085449,33487,0.0,0.0,V,维萨,Visa Inc.,USD,18,55,V,358.84,669971251200,30.513605,23.960524,0.759,0.74,2.68,0.22129999,293.89,373.97,34100,18.87,19.016428,0.50782,0.1911,0.6119,23.398,13792000000,23857999872,44487999488,31093999616,0.97725,0.66130996,67.821,0.627,0.985,0.90352,0.00086000003,2.58,1704112694,1703359277,416.20026,450.0,330.0,1.375,37,40000000000.0,7855000000.0,32145000000.0,26556000000.0,20058000000.0,10.2,10.22,0,4369000000.0,4136000000.0,24194000000.0,26003000000.0,0,27776000000.0,21527903033.81004,1220000000.0,2194000000.0,1942000000.0,99627000000.0,61718000000.0,37909000000.0,25171000000.0,8007000000.0,17164000000.0,18997000000.0,0,3126000000.0,4236000000.0,10106000000.0,-5870000000.0,19879000000.0,0,19602000000.0,35048000000.0,37766000000.0,2718000000.0,15106000000.0,0.0,745000000.0,37909000000.0,-10361000000.0,62335000000.0,57511000000.0,23059000000.0,21577000000.0,-1482000000.0,-4634000000.0,-18316000000.0,-18963000000.0,708000000.0,4804000000.0,24987000000.0,19763000000.0,897000000.0,1220000000.0,152000000.0,20058000000.0,-15172000000.0,3924000000.0,0.0,9,28,3,0,0,0,
2026-07-31 19:00:00+00:00,366.25,366.3699951172,366.0799865723,366.0799865723,39084,0.0,0.0,V,维萨,Visa Inc.,USD,19,0,V,358.84,669971251200,30.513605,23.960524,0.759,0.74,2.68,0.22129999,293.89,373.97,34100,18.87,19.016428,0.50782,0.1911,0.6119,23.398,13792000000,23857999872,44487999488,31093999616,0.97725,0.66130996,67.821,0.627,0.985,0.90352,0.00086000003,2.58,1704112694,1703359277,416.20026,450.0,330.0,1.375,37,40000000000.0,7855000000.0,32145000000.0,26556000000.0,20058000000.0,10.2,10.22,0,4369000000.0,4136000000.0,24194000000.0,26003000000.0,0,27776000000.0,21527903033.81004,1220000000.0,2194000000.0,1942000000.0,99627000000.0,61718000000.0,37909000000.0,25171000000.0,8007000000.0,17164000000.0,18997000000.0,0,3126000000.0,4236000000.0,10106000000.0,-5870000000.0,19879000000.0,0,19602000000.0,35048000000.0,37766000000.0,2718000000.0,15106000000.0,0.0,745000000.0,37909000000.0,-10361000000.0,62335000000.0,57511000000.0,23059000000.0,21577000000.0,-1482000000.0,-4634000000.0,-18316000000.0,-18963000000.0,708000000.0,4804000000.0,24987000000.0,19763000000.0,897000000.0,1220000000.0,152000000.0,20058000000.0,-15172000000.0,3924000000.0,0.0,9,28,3,0,0,0,
2026-07-31 19:05:00+00:00,366.1099853516,366.2600097656,366.0,366.075012207,35475,0.0,0.0,V,维萨,Visa Inc.,USD,19,5,V,358.84,669971251200,30.513605,23.960524,0.759,0.74,2.68,0.22129999,293.89,373.97,34100,18.87,19.016428,0.50782,0.1911,0.6119,23.398,13792000000,23857999872,44487999488,31093999616,0.97725,0.66130996,67.821,0.627,0.985,0.90352,0.00086000003,2.58,1704112694,1703359277,416.20026,450.0,330.0,1.375,37,40000000000.0,7855000000.0,32145000000.0,26556000000.0,20058000000.0,10.2,10.22,0,4369000000.0,4136000000.0,24194000000.0,26003000000.0,0,27776000000.0,21527903033.81004,1220000000.0,2194000000.0,1942000000.0,99627000000.0,61718000000.0,37909000000.0,25171000000.0,8007000000.0,17164000000.0,18997000000.0,0,3126000000.0,4236000000.0,10106000000.0,-5870000000.0,19879000000.0,0,19602000000.0,35048000000.0,37766000000.0,2718000000.0,15106000000.0,0.0,745000000.0,37909000000.0,-10361000000.0,62335000000.0,57511000000.0,23059000000.0,21577000000.0,-1482000000.0,-4634000000.0,-18316000000.0,-18963000000.0,708000000.0,4804000000.0,24987000000.0,19763000000.0,897000000.0,1220000000.0,152000000.0,20058000000.0,-15172000000.0,3924000000.0,0.0,9,28,3,0,0,0,
2026-07-31 19:10:00+00:00,366.0400085449,366.25,365.9200134277,366.1000061035,42366,0.0,0.0,V,维萨,Visa Inc.,USD,19,10,V,358.84,669971251200,30.513605,23.960524,0.759,0.74,2.68,0.22129999,293.89,373.97,34100,18.87,19.016428,0.50782,0.1911,0.6119,23.398,13792000000,23857999872,44487999488,31093999616,0.97725,0.66130996,67.821,0.627,0.985,0.90352,0.00086000003,2.58,1704112694,1703359277,416.20026,450.0,330.0,1.375,37,40000000000.0,7855000000.0,32145000000.0,26556000000.0,20058000000.0,10.2,10.22,0,4369000000.0,4136000000.0,24194000000.0,26003000000.0,0,27776000000.0,21527903033.81004,1220000000.0,2194000000.0,1942000000.0,99627000000.0,61718000000.0,37909000000.0,25171000000.0,8007000000.0,17164000000.0,18997000000.0,0,3126000000.0,4236000000.0,10106000000.0,-5870000000.0,19879000000.0,0,19602000000.0,35048000000.0,37766000000.0,2718000000.0,15106000000.0,0.0,745000000.0,37909000000.0,-10361000000.0,62335000000.0,57511000000.0,23059000000.0,21577000000.0,-1482000000.0,-4634000000.0,-18316000000.0,-18963000000.0,708000000.0,4804000000.0,24987000000.0,19763000000.0,897000000.0,1220000000.0,152000000.0,20058000000.0,-15172000000.0,3924000000.0,0.0,9,28,3,0,0,0,
2026-07-31 19:15:00+00:00,366.0599975586,366.6300048828,365.8299865723,366.5299987793,67422,0.0,0.0,V,维萨,Visa Inc.,USD,19,15,V,358.84,669971251200,30.513605,23.960524,0.759,0.74,2.68,0.22129999,293.89,373.97,34100,18.87,19.016428,0.50782,0.1911,0.6119,23.398,13792000000,23857999872,44487999488,31093999616,0.97725,0.66130996,67.821,0.627,0.985,0.90352,0.00086000003,2.58,1704112694,1703359277,416.20026,450.0,330.0,1.375,37,40000000000.0,7855000000.0,32145000000.0,26556000000.0,20058000000.0,10.2,10.22,0,4369000000.0,4136000000.0,24194000000.0,26003000000.0,0,27776000000.0,21527903033.81004,1220000000.0,2194000000.0,1942000000.0,99627000000.0,61718000000.0,37909000000.0,25171000000.0,8007000000.0,17164000000.0,18997000000.0,0,3126000000.0,4236000000.0,10106000000.0,-5870000000.0,19879000000.0,0,19602000000.0,35048000000.0,37766000000.0,2718000000.0,15106000000.0,0.0,745000000.0,37909000000.0,-10361000000.0,62335000000.0,57511000000.0,23059000000.0,21577000000.0,-1482000000.0,-4634000000.0,-18316000000.0,-18963000000.0,708000000.0,4804000000.0,24987000000.0,19763000000.0,897000000.0,1220000000.0,152000000.0,20058000000.0,-15172000000.0,3924000000.0,0.0,9,28,3,0,0,0,
2026-07-31 19:20:00+00:00,366.549987793,366.7650146484,366.3099975586,366.5775146484,50706,0.0,0.0,V,维萨,Visa Inc.,USD,19,20,V,358.84,669971251200,30.513605,23.960524,0.759,0.74,2.68,0.22129999,293.89,373.97,34100,18.87,19.016428,0.50782,0.1911,0.6119,23.398,13792000000,23857999872,44487999488,31093999616,0.97725,0.66130996,67.821,0.627,0.985,0.90352,0.00086000003,2.58,1704112694,1703359277,416.20026,450.0,330.0,1.375,37,40000000000.0,7855000000.0,32145000000.0,26556000000.0,20058000000.0,10.2,10.22,0,4369000000.0,4136000000.0,24194000000.0,26003000000.0,0,27776000000.0,21527903033.81004,1220000000.0,2194000000.0,1942000000.0,99627000000.0,61718000000.0,37909000000.0,25171000000.0,8007000000.0,17164000000.0,18997000000.0,0,3126000000.0,4236000000.0,10106000000.0,-5870000000.0,19879000000.0,0,19602000000.0,35048000000.0,37766000000.0,2718000000.0,15106000000.0,0.0,745000000.0,37909000000.0,-10361000000.0,62335000000.0,57511000000.0,23059000000.0,21577000000.0,-1482000000.0,-4634000000.0,-18316000000.0,-18963000000.0,708000000.0,4804000000.0,24987000000.0,19763000000.0,897000000.0,1220000000.0,152000000.0,20058000000.0,-15172000000.0,3924000000.0,0.0,9,28,3,0,0,0,
2026-07-31 19:25:00+00:00,366.6300048828,366.7399902344,366.2500915527,366.2749938965,61013,0.0,0.0,V,维萨,Visa Inc.,USD,19,25,V,358.84,669971251200,30.513605,23.960524,0.759,0.74,2.68,0.22129999,293.89,373.97,34100,18.87,19.016428,0.50782,0.1911,0.6119,23.398,13792000000,23857999872,44487999488,31093999616,0.97725,0.66130996,67.821,0.627,0.985,0.90352,0.00086000003,2.58,1704112694,1703359277,416.20026,450.0,330.0,1.375,37,40000000000.0,7855000000.0,32145000000.0,26556000000.0,20058000000.0,10.2,10.22,0,4369000000.0,4136000000.0,24194000000.0,26003000000.0,0,27776000000.0,21527903033.81004,1220000000.0,2194000000.0,1942000000.0,99627000000.0,61718000000.0,37909000000.0,25171000000.0,8007000000.0,17164000000.0,18997000000.0,0,3126000000.0,4236000000.0,10106000000.0,-5870000000.0,19879000000.0,0,19602000000.0,35048000000.0,37766000000.0,2718000000.0,15106000000.0,0.0,745000000.0,37909000000.0,-10361000000.0,62335000000.0,57511000000.0,23059000000.0,21577000000.0,-1482000000.0,-4634000000.0,-18316000000.0,-18963000000.0,708000000.0,4804000000.0,24987000000.0,19763000000.0,897000000.0,1220000000.0,152000000.0,20058000000.0,-15172000000.0,3924000000.0,0.0,9,28,3,0,0,0,
2026-07-31 19:30:00+00:00,366.2799987793,366.7699890137,366.0799865723,366.1900024414,71866,0.0,0.0,V,维萨,Visa Inc.,USD,19,30,V,358.84,669971251200,30.513605,23.960524,0.759,0.74,2.68,0.22129999,293.89,373.97,34100,18.87,19.016428,0.50782,0.1911,0.6119,23.398,13792000000,23857999872,44487999488,31093999616,0.97725,0.66130996,67.821,0.627,0.985,0.90352,0.00086000003,2.58,1704112694,1703359277,416.20026,450.0,330.0,1.375,37,40000000000.0,7855000000.0,32145000000.0,26556000000.0,20058000000.0,10.2,10.22,0,4369000000.0,4136000000.0,24194000000.0,26003000000.0,0,27776000000.0,21527903033.81004,1220000000.0,2194000000.0,1942000000.0,99627000000.0,61718000000.0,37909000000.0,25171000000.0,8007000000.0,17164000000.0,18997000000.0,0,3126000000.0,4236000000.0,10106000000.0,-5870000000.0,19879000000.0,0,19602000000.0,35048000000.0,37766000000.0,2718000000.0,15106000000.0,0.0,745000000.0,37909000000.0,-10361000000.0,62335000000.0,57511000000.0,23059000000.0,21577000000.0,-1482000000.0,-4634000000.0,-18316000000.0,-18963000000.0,708000000.0,4804000000.0,24987000000.0,19763000000.0,897000000.0,1220000000.0,152000000.0,20058000000.0,-15172000000.0,3924000000.0,0.0,9,28,3,0,0,0,
2026-07-31 19:35:00+00:00,366.1700134277,366.5400085449,366.1099853516,366.5,75983,0.0,0.0,V,维萨,Visa Inc.,USD,19,35,V,358.84,669971251200,30.513605,23.960524,0.759,0.74,2.68,0.22129999,293.89,373.97,34100,18.87,19.016428,0.50782,0.1911,0.6119,23.398,13792000000,23857999872,44487999488,31093999616,0.97725,0.66130996,67.821,0.627,0.985,0.90352,0.00086000003,2.58,1704112694,1703359277,416.20026,450.0,330.0,1.375,37,40000000000.0,7855000000.0,32145000000.0,26556000000.0,20058000000.0,10.2,10.22,0,4369000000.0,4136000000.0,24194000000.0,26003000000.0,0,27776000000.0,21527903033.81004,1220000000.0,2194000000.0,1942000000.0,99627000000.0,61718000000.0,37909000000.0,25171000000.0,8007000000.0,17164000000.0,18997000000.0,0,3126000000.0,4236000000.0,10106000000.0,-5870000000.0,19879000000.0,0,19602000000.0,35048000000.0,37766000000.0,2718000000.0,15106000000.0,0.0,745000000.0,37909000000.0,-10361000000.0,62335000000.0,57511000000.0,23059000000.0,21577000000.0,-1482000000.0,-4634000000.0,-18316000000.0,-18963000000.0,708000000.0,4804000000.0,24987000000.0,19763000000.0,897000000.0,1220000000.0,152000000.0,20058000000.0,-15172000000.0,3924000000.0,0.0,9,28,3,0,0,0,
2026-07-31 19:40:00+00:00,366.4949951172,366.6900024414,366.2600097656,366.4700012207,62658,0.0,0.0,V,维萨,Visa Inc.,USD,19,40,V,358.84,669971251200,30.513605,23.960524,0.759,0.74,2.68,0.22129999,293.89,373.97,34100,18.87,19.016428,0.50782,0.1911,0.6119,23.398,13792000000,23857999872,44487999488,31093999616,0.97725,0.66130996,67.821,0.627,0.985,0.90352,0.00086000003,2.58,1704112694,1703359277,416.20026,450.0,330.0,1.375,37,40000000000.0,7855000000.0,32145000000.0,26556000000.0,20058000000.0,10.2,10.22,0,4369000000.0,4136000000.0,24194000000.0,26003000000.0,0,27776000000.0,21527903033.81004,1220000000.0,2194000000.0,1942000000.0,99627000000.0,61718000000.0,37909000000.0,25171000000.0,8007000000.0,17164000000.0,18997000000.0,0,3126000000.0,4236000000.0,10106000000.0,-5870000000.0,19879000000.0,0,19602000000.0,35048000000.0,37766000000.0,2718000000.0,15106000000.0,0.0,745000000.0,37909000000.0,-10361000000.0,62335000000.0,57511000000.0,23059000000.0,21577000000.0,-1482000000.0,-4634000000.0,-18316000000.0,-18963000000.0,708000000.0,4804000000.0,24987000000.0,19763000000.0,897000000.0,1220000000.0,152000000.0,20058000000.0,-15172000000.0,3924000000.0,0.0,9,28,3,0,0,0,
2026-07-31 19:45:00+00:00,366.4700012207,366.5,366.1400146484,366.2349853516,79745,0.0,0.0,V,维萨,Visa Inc.,USD,19,45,V,358.84,669971251200,30.513605,23.960524,0.759,0.74,2.68,0.22129999,293.89,373.97,34100,18.87,19.016428,0.50782,0.1911,0.6119,23.398,13792000000,23857999872,44487999488,31093999616,0.97725,0.66130996,67.821,0.627,0.985,0.90352,0.00086000003,2.58,1704112694,1703359277,416.20026,450.0,330.0,1.375,37,40000000000.0,7855000000.0,32145000000.0,26556000000.0,20058000000.0,10.2,10.22,0,4369000000.0,4136000000.0,24194000000.0,26003000000.0,0,27776000000.0,21527903033.81004,1220000000.0,2194000000.0,1942000000.0,99627000000.0,61718000000.0,37909000000.0,25171000000.0,8007000000.0,17164000000.0,18997000000.0,0,3126000000.0,4236000000.0,10106000000.0,-5870000000.0,19879000000.0,0,19602000000.0,35048000000.0,37766000000.0,2718000000.0,15106000000.0,0.0,745000000.0,37909000000.0,-10361000000.0,62335000000.0,57511000000.0,23059000000.0,21577000000.0,-1482000000.0,-4634000000.0,-18316000000.0,-18963000000.0,708000000.0,4804000000.0,24987000000.0,19763000000.0,897000000.0,1220000000.0,152000000.0,20058000000.0,-15172000000.0,3924000000.0,0.0,9,28,3,0,0,0,
2026-07-31 19:50:00+00:00,366.2399902344,366.4400024414,365.5599975586,365.700012207,154072,0.0,0.0,V,维萨,Visa Inc.,USD,19,50,V,358.84,669971251200,30.513605,23.960524,0.759,0.74,2.68,0.22129999,293.89,373.97,34100,18.87,19.016428,0.50782,0.1911,0.6119,23.398,13792000000,23857999872,44487999488,31093999616,0.97725,0.66130996,67.821,0.627,0.985,0.90352,0.00086000003,2.58,1704112694,1703359277,416.20026,450.0,330.0,1.375,37,40000000000.0,7855000000.0,32145000000.0,26556000000.0,20058000000.0,10.2,10.22,0,4369000000.0,4136000000.0,24194000000.0,26003000000.0,0,27776000000.0,21527903033.81004,1220000000.0,2194000000.0,1942000000.0,99627000000.0,61718000000.0,37909000000.0,25171000000.0,8007000000.0,17164000000.0,18997000000.0,0,3126000000.0,4236000000.0,10106000000.0,-5870000000.0,19879000000.0,0,19602000000.0,35048000000.0,37766000000.0,2718000000.0,15106000000.0,0.0,745000000.0,37909000000.0,-10361000000.0,62335000000.0,57511000000.0,23059000000.0,21577000000.0,-1482000000.0,-4634000000.0,-18316000000.0,-18963000000.0,708000000.0,4804000000.0,24987000000.0,19763000000.0,897000000.0,1220000000.0,152000000.0,20058000000.0,-15172000000.0,3924000000.0,0.0,9,28,3,0,0,0,
2026-07-31 19:55:00+00:00,365.700012207,366.450012207,365.700012207,366.1600036621,440402,0.0,0.0,V,维萨,Visa Inc.,USD,19,55,V,358.84,669971251200,30.513605,23.960524,0.759,0.74,2.68,0.22129999,293.89,373.97,34100,18.87,19.016428,0.50782,0.1911,0.6119,23.398,13792000000,23857999872,44487999488,31093999616,0.97725,0.66130996,67.821,0.627,0.985,0.90352,0.00086000003,2.58,1704112694,1703359277,416.20026,450.0,330.0,1.375,37,40000000000.0,7855000000.0,32145000000.0,26556000000.0,20058000000.0,10.2,10.22,0,4369000000.0,4136000000.0,24194000000.0,26003000000.0,0,27776000000.0,21527903033.81004,1220000000.0,2194000000.0,1942000000.0,99627000000.0,61718000000.0,37909000000.0,25171000000.0,8007000000.0,17164000000.0,18997000000.0,0,3126000000.0,4236000000.0,10106000000.0,-5870000000.0,19879000000.0,0,19602000000.0,35048000000.0,37766000000.0,2718000000.0,15106000000.0,0.0,745000000.0,37909000000.0,-10361000000.0,62335000000.0,57511000000.0,23059000000.0,21577000000.0,-1482000000.0,-4634000000.0,-18316000000.0,-18963000000.0,708000000.0,4804000000.0,24987000000.0,19763000000.0,897000000.0,1220000000.0,152000000.0,20058000000.0,-15172000000.0,3924000000.0,0.0,9,28,3,0,0,0,
